URL,"Internal links"
https://www.bionixus.com/ar,0
https://www.bionixus.com/ar/arabic-blog-alsawdyh,0
https://www.bionixus.com/ar/contacts,0
https://www.bionixus.com/bionixus-ai-chatbots-increase-sales-and-lead-generation,0
https://www.bionixus.com/bionixus-market-research-middle-east,0
https://www.bionixus.com/blog/abu-dhabi-doh-vs-dubai-dha-formulary-guide,0
https://www.bionixus.com/blog/ai-vs-human-insight-validating-quantitative-data-2026-pharma-research,0
https://www.bionixus.com/blog/competitive-intelligence-pharma-gcc,0
https://www.bionixus.com/blog/data-privacy-beyond-hipaa-global-quantitative-research-compliance-2026,0
https://www.bionixus.com/blog/deutsche-pharmaunternehmen-2026-pipeline-updates,0
https://www.bionixus.com/blog/emea-jca-market-access-update-2026,0
https://www.bionixus.com/blog/fda-update-glp-1-obesity-market-crackdown-2026,0
https://www.bionixus.com/blog/gcc-pharmaceuticals-market-2026,0
https://www.bionixus.com/blog/gcc-pharmaceuticals-market-arabic-2026,0
https://www.bionixus.com/blog/gesundheitsmarkt-deutschland-2026,0
https://www.bionixus.com/blog/healthcare-market-research-europe,0
https://www.bionixus.com/blog/healthcare-market-research-europe-2026,0
https://www.bionixus.com/blog/healthcare-market-research-methodologies-gcc,0
https://www.bionixus.com/blog/healthcare-market-research-uae-guide-2025,0
https://www.bionixus.com/blog/healthcare-overview-china-market-2026,0
https://www.bionixus.com/blog/healthcare-overview-egypt-market-2026,0
https://www.bionixus.com/blog/healthcare-overview-kuwait-market-2026,0
https://www.bionixus.com/blog/healthcare-overview-qatar-market-2026,0
https://www.bionixus.com/blog/hospital-market-research,0
https://www.bionixus.com/blog/kol-mapping-pharma-middle-east,0
https://www.bionixus.com/blog/kuwait-healthcare-market-trends-2026,0
https://www.bionixus.com/blog/market-access-strategy-uae,0
https://www.bionixus.com/blog/market-research-pharmaceutical-market-access-uae,0
https://www.bionixus.com/blog/maxdiff-vs-conjoint-analysis-medtech-pricing,0
https://www.bionixus.com/blog/middle-east-healthcare-market-statistics-2025,0
https://www.bionixus.com/blog/middle-east-healthcare-market-statistics-2026,0
https://www.bionixus.com/blog/nice-hta-evidence-requirements-guide,0
https://www.bionixus.com/blog/nupco-saudi-arabia-tendering-guide,0
https://www.bionixus.com/blog/oncology-uae-2026-cancer-care-outlook,0
https://www.bionixus.com/blog/patient-journey-mapping-saudi-arabia,0
https://www.bionixus.com/blog/pharma-market-entry-saudi-arabia-playbook,0
https://www.bionixus.com/blog/pharmaceutical-healthcare-market-research-gcc,0
https://www.bionixus.com/blog/pharmaceutical-market-entry-saudi-arabia-2026-guide,0
https://www.bionixus.com/blog/pharmaceutical-market-research-uk,0
https://www.bionixus.com/blog/pharmaceutical-market-research-uk-2026,0
https://www.bionixus.com/blog/pharmacoeconomics-gcc-practical-guide,0
https://www.bionixus.com/blog/physician-surveys-healthcare,0
https://www.bionixus.com/blog/physician-surveys-healthcare-digital-health-2026,0
https://www.bionixus.com/blog/quantitative-market-research-and-market-access,0
https://www.bionixus.com/blog/rare-disease-orphan-drug-saudi-arabia-sfda-2026,0
https://www.bionixus.com/blog/recruiting-high-scarcity-specialists-oncology-quantitative-studies,0
https://www.bionixus.com/blog/regional-crisis-impact-middle-east-economies-healthcare-2026,0
https://www.bionixus.com/blog/sfda-approval-qfitlia-saudi-arabia-pharmaceutical-market,0
https://www.bionixus.com/blog/sfda-drug-registration-guide,0
https://www.bionixus.com/blog/shift-to-always-on-quantitative-tracking-why-periodic-studies-are-dying,0
https://www.bionixus.com/blog/top-healthcare-market-research-companies-mena,0
https://www.bionixus.com/blog/top-therapy-areas-pharma-growth-saudi-arabia,0
https://www.bionixus.com/blog/uae-healthcare-market-trends-2025,0
https://www.bionixus.com/blog/أبحاث-السوق-الدوائية-في-الشرق-الأوسط-و-دول-الخليج-العربي,0
https://www.bionixus.com/blog/سوق-الدواء-السعودي-2026,0
https://www.bionixus.com/case-studies/biologics-market-analysis-uae,0
https://www.bionixus.com/case-studies/gcc-oncology-market,0
https://www.bionixus.com/case-studies/uae-influenza-vaccines-report-2025-2026,0
https://www.bionixus.com/de,0
https://www.bionixus.com/de/blog,0
https://www.bionixus.com/de/contact,0
https://www.bionixus.com/de/success-in-startups,0
https://www.bionixus.com/es,0
https://www.bionixus.com/es/market-access,0
https://www.bionixus.com/faq,0
https://www.bionixus.com/fr,0
https://www.bionixus.com/fr/blog,0
https://www.bionixus.com/fr/contacts,0
https://www.bionixus.com/gcc-market-access-guide,0
https://www.bionixus.com/gcc-medication-management-market,0
https://www.bionixus.com/global-websites/algeria,0
https://www.bionixus.com/global-websites/bahrain,0
https://www.bionixus.com/global-websites/canada,0
https://www.bionixus.com/global-websites/china,0
https://www.bionixus.com/global-websites/denmark,0
https://www.bionixus.com/global-websites/egypt,0
https://www.bionixus.com/global-websites/france,0
https://www.bionixus.com/global-websites/germany,0
https://www.bionixus.com/global-websites/iraq,0
https://www.bionixus.com/global-websites/italy,0
https://www.bionixus.com/global-websites/japan,0
https://www.bionixus.com/global-websites/jordan,0
https://www.bionixus.com/global-websites/kenya,0
https://www.bionixus.com/global-websites/kuwait,0
https://www.bionixus.com/global-websites/lebanon,0
https://www.bionixus.com/global-websites/libya,0
https://www.bionixus.com/global-websites/mexico,0
https://www.bionixus.com/global-websites/morocco,0
https://www.bionixus.com/global-websites/nigeria,0
https://www.bionixus.com/global-websites/oman,0
https://www.bionixus.com/global-websites/qatar,0
https://www.bionixus.com/global-websites/saudi-arabia,0
https://www.bionixus.com/global-websites/singapore,0
https://www.bionixus.com/global-websites/south-africa,0
https://www.bionixus.com/global-websites/spain,0
https://www.bionixus.com/global-websites/sweden,0
https://www.bionixus.com/global-websites/switzerland,0
https://www.bionixus.com/global-websites/tunisia,0
https://www.bionixus.com/global-websites/turkey,0
https://www.bionixus.com/global-websites/united-arab-emirates,0
https://www.bionixus.com/global-websites/united-kingdom,0
https://www.bionixus.com/global-websites/united-states,0
https://www.bionixus.com/healthcare-market-research-bahrain,0
https://www.bionixus.com/healthcare-market-research-jordan,0
https://www.bionixus.com/healthcare-market-research-kuwait,0
https://www.bionixus.com/healthcare-market-research-oman,0
https://www.bionixus.com/healthcare-market-research-qatar,0
https://www.bionixus.com/healthcare-market-research/algeria,0
https://www.bionixus.com/healthcare-market-research/bahrain,0
https://www.bionixus.com/healthcare-market-research/canada,0
https://www.bionixus.com/healthcare-market-research/china,0
https://www.bionixus.com/healthcare-market-research/denmark,0
https://www.bionixus.com/healthcare-market-research/egypt,0
https://www.bionixus.com/healthcare-market-research/france,0
https://www.bionixus.com/healthcare-market-research/germany,0
https://www.bionixus.com/healthcare-market-research/iraq,0
https://www.bionixus.com/healthcare-market-research/italy,0
https://www.bionixus.com/healthcare-market-research/japan,0
https://www.bionixus.com/healthcare-market-research/jordan,0
https://www.bionixus.com/healthcare-market-research/kenya,0
https://www.bionixus.com/healthcare-market-research/kuwait,0
https://www.bionixus.com/healthcare-market-research/lebanon,0
https://www.bionixus.com/healthcare-market-research/libya,0
https://www.bionixus.com/healthcare-market-research/morocco,0
https://www.bionixus.com/healthcare-market-research/nigeria,0
https://www.bionixus.com/healthcare-market-research/oman,0
https://www.bionixus.com/healthcare-market-research/qatar,0
https://www.bionixus.com/healthcare-market-research/saudi-arabia,0
https://www.bionixus.com/healthcare-market-research/singapore,0
https://www.bionixus.com/healthcare-market-research/south-africa,0
https://www.bionixus.com/healthcare-market-research/spain,0
https://www.bionixus.com/healthcare-market-research/sweden,0
https://www.bionixus.com/healthcare-market-research/switzerland,0
https://www.bionixus.com/healthcare-market-research/tunisia,0
https://www.bionixus.com/healthcare-market-research/turkey,0
https://www.bionixus.com/healthcare-market-research/united-arab-emirates,0
https://www.bionixus.com/healthcare-market-research/united-kingdom,0
https://www.bionixus.com/healthcare-market-research/united-states,0
https://www.bionixus.com/japan-medical-disposables-market,0
https://www.bionixus.com/japan-neurology-devices-market,0
https://www.bionixus.com/mena-pharma-market-data,0
https://www.bionixus.com/methodology,0
https://www.bionixus.com/nupco-tender-calendar-events-2026,0
https://www.bionixus.com/pharmaceutical-companies-bahrain,0
https://www.bionixus.com/pharmaceutical-companies-egypt,0
https://www.bionixus.com/pharmaceutical-companies-iran,0
https://www.bionixus.com/pharmaceutical-companies-iraq,0
https://www.bionixus.com/pharmaceutical-companies-kuwait,0
https://www.bionixus.com/pharmaceutical-companies-oman,0
https://www.bionixus.com/pharmaceutical-companies-qatar,0
https://www.bionixus.com/pharmaceutical-companies-saudi-arabia,0
https://www.bionixus.com/pharmaceutical-companies-uae,0
https://www.bionixus.com/pharmacies-saudi-arabia-marketing,0
https://www.bionixus.com/qualitative-market-research,0
https://www.bionixus.com/quantitative-healthcare-market-research,0
https://www.bionixus.com/resources,0
https://www.bionixus.com/services/clinical-trial-support,0
https://www.bionixus.com/services/competitive-intelligence,0
https://www.bionixus.com/singapore-ivd-market-access,0
https://www.bionixus.com/singapore-pharmaceutical-market,0
https://www.bionixus.com/zh,0
https://www.bionixus.com/ar/blog/saudi-healthcare-market-research-guide-ar-2026,1
https://www.bionixus.com/ar/insights/top-market-research-companies-qatar-2026,1
https://www.bionixus.com/ar/market-research-egypt,1
https://www.bionixus.com/ar/market-research-kuwait,1
https://www.bionixus.com/ar/market-research-saudi,1
https://www.bionixus.com/blog/adstiladrin-nadofaragene-nmibc-ema-chmp-2026,1
https://www.bionixus.com/blog/amnog-frueher-nutzen-marktzugang-2026,1
https://www.bionixus.com/blog/cenrifki-tolebrutinib-nrspms-ema-chmp-2026,1
https://www.bionixus.com/blog/eli-lilly-vaccine-acquisitions-curevo-limmatech-2026,1
https://www.bionixus.com/blog/ema-orphan-drug-designation-guide-europe-2026,1
https://www.bionixus.com/blog/european-hta-regulation-2026-pharmaceutical-market-access-guide,1
https://www.bionixus.com/blog/evaluation-economique-has-france-2026,1
https://www.bionixus.com/blog/farmacevticheskie-issledovaniya-rynka-2026,1
https://www.bionixus.com/blog/farmacoeconomia-acceso-mercado-espana-2026,1
https://www.bionixus.com/blog/gcc-pharmacy-market-2026,1
https://www.bionixus.com/blog/heor-consulting-saudi-arabia-ar-2026,1
https://www.bionixus.com/blog/lynarvo-linerixibat-pbc-fda-2026,1
https://www.bionixus.com/blog/pesquisa-mercado-farmaceutico-brasil-anvisa-2026,1
https://www.bionixus.com/blog/pharmacies-saudi-arabia-market-research-marketing-automation,1
https://www.bionixus.com/blog/pharmacoeconomics-consulting-europe-2026,1
https://www.bionixus.com/blog/pharmamarktforschung-deutschland-2026,1
https://www.bionixus.com/blog/quantitative-healthcare-market-research-ksa,1
https://www.bionixus.com/blog/quantitative-healthcare-market-research-uae,1
https://www.bionixus.com/blog/quantitative-market-research-and-market-access-impact,1
https://www.bionixus.com/blog/redemplo-plozasiran-fcs-ema-chmp-2026,1
https://www.bionixus.com/blog/saudi-arabia-gcc-pharmaceutical-market-guide-2026,1
https://www.bionixus.com/blog/saudi-arabia-pharmaceutical-market-research-2026-ar,1
https://www.bionixus.com/blog/saudi-healthcare-market-research-guide-ar-2026,1
https://www.bionixus.com/blog/skyrizi-tops-julys-pharma-rankings-and-what-it-means-for-omnichannel-engagement,1
https://www.bionixus.com/blog/souk-adwiya-saudiya-dalil-shamel-rueya-2030-2026,1
https://www.bionixus.com/blog/top-healthcare-market-research-companies-kuwait,1
https://www.bionixus.com/brazil-medtech-market-research,1
https://www.bionixus.com/clinical-diagnostics-proposal-request,1
https://www.bionixus.com/de/blog/deutsche-pharmaunternehmen-2026-pipeline-updates,1
https://www.bionixus.com/de/blog/gesundheitsmarkt-deutschland-2026,1
https://www.bionixus.com/de/blog/pharmamarktforschung-deutschland-2026,1
https://www.bionixus.com/doxorubicin-market,1
https://www.bionixus.com/es/healthcare-market-research/spain,1
https://www.bionixus.com/es/insights/top-empresas-investigacion-mercado-argentina-2026,1
https://www.bionixus.com/es/insights/top-empresas-investigacion-mercado-salud-argentina-2026,1
https://www.bionixus.com/fr/blog/etudes-marche-pharmaceutique-france-2026,1
https://www.bionixus.com/fr/blog/evaluation-economique-has-france-2026,1
https://www.bionixus.com/gcc-generic-pharmaceuticals-market,1
https://www.bionixus.com/healthcare-fieldwork-gcc,1
https://www.bionixus.com/healthcare-market-research-argentina,1
https://www.bionixus.com/healthcare-market-research/middle-east,1
https://www.bionixus.com/insights/best-obesity-weight-management-market-research-firms-2026,1
https://www.bionixus.com/insights/best-rare-disease-market-research-companies-2026,1
https://www.bionixus.com/insights/leading-biologics-biosimilars-market-research-companies-2026,1
https://www.bionixus.com/insights/top-consumer-healthcare-market-research-firms-2026,1
https://www.bionixus.com/insights/top-healthcare-market-research-companies-belgium-2026,1
https://www.bionixus.com/insights/top-healthcare-market-research-companies-lebanon-2026,1
https://www.bionixus.com/insights/top-market-research-companies-angola-2026,1
https://www.bionixus.com/insights/top-market-research-companies-china-2026,1
https://www.bionixus.com/insights/top-market-research-companies-cote-divoire-2026,1
https://www.bionixus.com/insights/top-market-research-companies-denmark-2026,1
https://www.bionixus.com/insights/top-market-research-companies-france-2026,1
https://www.bionixus.com/insights/top-market-research-companies-ghana-2026,1
https://www.bionixus.com/insights/top-market-research-companies-iraq-2026,1
https://www.bionixus.com/insights/top-market-research-companies-italy-2026,1
https://www.bionixus.com/insights/top-market-research-companies-kuwait-2026,1
https://www.bionixus.com/insights/top-market-research-companies-senegal-2026,1
https://www.bionixus.com/insights/top-market-research-companies-south-korea-2026,1
https://www.bionixus.com/insights/top-market-research-companies-uganda-2026,1
https://www.bionixus.com/insights/top-oncology-market-research-companies-2026,1
https://www.bionixus.com/italy-medical-device-connectivity-market,1
https://www.bionixus.com/italy-oncology-antiinfective-market-access,1
https://www.bionixus.com/italy-portable-diagnostic-devices-market,1
https://www.bionixus.com/japan-medical-device-market-access,1
https://www.bionixus.com/malaysia-medtech-market-research,1
https://www.bionixus.com/market-reports/country/canada,1
https://www.bionixus.com/market-reports/therapy/hiv-arv,1
https://www.bionixus.com/market-reports/uae-medical-devices-market-report,1
https://www.bionixus.com/market-research/biotech,1
https://www.bionixus.com/market-research/consumer-health,1
https://www.bionixus.com/market-research/healthcare,1
https://www.bionixus.com/market-research/medtech,1
https://www.bionixus.com/mea-clinical-trial-imaging-market,1
https://www.bionixus.com/medical-affairs-insight-research-gcc,1
https://www.bionixus.com/msl-insight-research-middle-east,1
https://www.bionixus.com/new-zealand-medtech-market-research,1
https://www.bionixus.com/news/bionixus-brazil-office-latam-expansion-2026,1
https://www.bionixus.com/pharmaceutical-market-research-argentina,1
https://www.bionixus.com/pharmaceutical-market-research-bahrain,1
https://www.bionixus.com/pharmaceutical-market-research-jordan,1
https://www.bionixus.com/pharmaceutical-market-research-kuwait,1
https://www.bionixus.com/pharmaceutical-market-research-oman,1
https://www.bionixus.com/pharmaceutical-market-research-qatar,1
https://www.bionixus.com/pt/insights/top-empresas-pesquisa-mercado-brasil-2026,1
https://www.bionixus.com/pt/insights/top-market-research-companies-brasil-2026,1
https://www.bionixus.com/pt/pesquisa-mercado-saude-brasil,1
https://www.bionixus.com/services/market-acces%20<h2%20id=,1
https://www.bionixus.com/specialist-physician-panel-uae,1
https://www.bionixus.com/switzerland-medtech-market-research,1
https://www.bionixus.com/top-market-research-companies-brazil-2026,1
https://www.bionixus.com/,166
https://www.bionixus.com/about,166
https://www.bionixus.com/blog,166
https://www.bionixus.com/case-studies,166
https://www.bionixus.com/contact,166
https://www.bionixus.com/global-websites,166
https://www.bionixus.com/healthcare-market-research,166
https://www.bionixus.com/market-research,166
https://www.bionixus.com/market-research-healthcare,166
https://www.bionixus.com/market-research-saudi-arabia-pharmaceutical,166
https://www.bionixus.com/privacy,166
https://www.bionixus.com/services,166
https://www.bionixus.com/services/kol-stakeholder-mapping,166
https://www.bionixus.com/services/market-access,166
https://www.bionixus.com/services/qualitative-research,166
https://www.bionixus.com/services/quantitative-research,166
https://www.bionixus.com/sitemap,166
