Country,Clicks,Impressions,CTR,Position
Egypt,44.0,1607.0,2.74%,5.88
India,38.0,4188.0,0.91%,41.78
United Arab Emirates,34.0,1943.0,1.75%,11.48
Saudi Arabia,17.0,1617.0,1.05%,27.12
United States,9.0,10380.0,0.09%,30.34
Iran,8.0,58.0,13.79%,6.79
United Kingdom,7.0,2676.0,0.26%,23.17
Iraq,7.0,281.0,2.49%,6.93
Turkey,5.0,176.0,2.84%,28.36
Germany,4.0,1243.0,0.32%,21.53
Kuwait,4.0,227.0,1.76%,8.03
Pakistan,4.0,132.0,3.03%,11.66
Qatar,4.0,121.0,3.31%,12.7
Canada,3.0,173.0,1.73%,11.28
Ethiopia,3.0,20.0,15.00%,7.8
Romania,3.0,12.0,25.00%,4.25
Singapore,2.0,986.0,0.20%,43.98
Vietnam,2.0,146.0,1.37%,32.66
Bahrain,2.0,93.0,2.15%,6.87
Oman,2.0,84.0,2.38%,6.23
Lebanon,2.0,67.0,2.99%,6.16
Ukraine,2.0,54.0,3.70%,22.94
South Africa,2.0,31.0,6.45%,9.23
Netherlands,1.0,852.0,0.12%,6.74
Brazil,1.0,265.0,0.38%,23.09
China,1.0,256.0,0.39%,7.09
Philippines,1.0,160.0,0.62%,38.84
Switzerland,1.0,145.0,0.69%,24.51
Australia,1.0,128.0,0.78%,20.72
Hong Kong,1.0,124.0,0.81%,8.35
Belgium,1.0,110.0,0.91%,16.21
Thailand,1.0,87.0,1.15%,27.63
Bangladesh,1.0,84.0,1.19%,28.52
Jordan,1.0,79.0,1.27%,19.14
Argentina,1.0,62.0,1.61%,13.65
Algeria,1.0,48.0,2.08%,22.38
Denmark,1.0,46.0,2.17%,14.26
Sweden,1.0,44.0,2.27%,16.52
Yemen,1.0,38.0,2.63%,5.24
Nigeria,1.0,29.0,3.45%,11.72
Ireland,1.0,28.0,3.57%,4.79
Kenya,1.0,25.0,4.00%,15.04
Finland,1.0,22.0,4.55%,14.68
Bulgaria,1.0,12.0,8.33%,21.58
Somalia,1.0,7.0,14.29%,5.29
Cyprus,1.0,5.0,20.00%,9.8
Togo,1.0,5.0,20.00%,14.4
Kyrgyzstan,1.0,3.0,33.33%,3.67
Zambia,1.0,2.0,50.00%,18.0
Japan,0.0,274.0,0.00%,28.93
South Korea,0.0,232.0,0.00%,22.84
Indonesia,0.0,169.0,0.00%,35.79
France,0.0,155.0,0.00%,26.64
Malaysia,0.0,136.0,0.00%,34.89
Spain,0.0,129.0,0.00%,26.06
Italy,0.0,112.0,0.00%,8.14
Russia,0.0,96.0,0.00%,17.66
Morocco,0.0,96.0,0.00%,23.05
Poland,0.0,66.0,0.00%,7.74
Mexico,0.0,46.0,0.00%,17.78
Azerbaijan,0.0,40.0,0.00%,4.88
Colombia,0.0,39.0,0.00%,10.49
Chile,0.0,35.0,0.00%,10.0
Taiwan,0.0,34.0,0.00%,10.0
Afghanistan,0.0,31.0,0.00%,5.29
Greece,0.0,20.0,0.00%,5.9
Portugal,0.0,20.0,0.00%,6.95
Austria,0.0,20.0,0.00%,20.15
New Zealand,0.0,19.0,0.00%,6.84
Peru,0.0,18.0,0.00%,8.67
Sri Lanka,0.0,17.0,0.00%,9.0
Tunisia,0.0,17.0,0.00%,9.29
Norway,0.0,16.0,0.00%,17.5
Belarus,0.0,14.0,0.00%,4.14
Libya,0.0,14.0,0.00%,7.71
Czechia,0.0,13.0,0.00%,28.85
Syria,0.0,12.0,0.00%,7.33
Sudan,0.0,11.0,0.00%,5.64
Uzbekistan,0.0,11.0,0.00%,6.55
Israel,0.0,11.0,0.00%,14.45
Nepal,0.0,10.0,0.00%,13.3
Ghana,0.0,9.0,0.00%,4.44
Zimbabwe,0.0,9.0,0.00%,4.56
Palestine,0.0,9.0,0.00%,5.56
Dominican Republic,0.0,9.0,0.00%,6.56
Georgia,0.0,9.0,0.00%,6.67
Venezuela,0.0,9.0,0.00%,7.33
Uruguay,0.0,9.0,0.00%,10.22
Hungary,0.0,8.0,0.00%,7.75
Ecuador,0.0,8.0,0.00%,23.5
Tanzania,0.0,7.0,0.00%,2.14
Uganda,0.0,6.0,0.00%,2.67
Serbia,0.0,6.0,0.00%,7.33
Costa Rica,0.0,6.0,0.00%,7.67
Kazakhstan,0.0,6.0,0.00%,17.5
Jamaica,0.0,6.0,0.00%,22.5
Myanmar (Burma),0.0,5.0,0.00%,10.2
Armenia,0.0,5.0,0.00%,10.4
Mali,0.0,4.0,0.00%,7.5
Bosnia & Herzegovina,0.0,4.0,0.00%,8.0
Moldova,0.0,4.0,0.00%,8.5
Angola,0.0,4.0,0.00%,13.5
Maldives,0.0,3.0,0.00%,1.33
Bolivia,0.0,3.0,0.00%,3.67
Slovenia,0.0,3.0,0.00%,5.33
Panama,0.0,3.0,0.00%,5.67
Latvia,0.0,3.0,0.00%,6.0
Malta,0.0,3.0,0.00%,6.0
Croatia,0.0,3.0,0.00%,6.33
Slovakia,0.0,3.0,0.00%,6.67
Cambodia,0.0,3.0,0.00%,7.0
Rwanda,0.0,3.0,0.00%,9.67
Puerto Rico,0.0,3.0,0.00%,10.0
Mauritania,0.0,3.0,0.00%,12.0
Guatemala,0.0,2.0,0.00%,3.0
Albania,0.0,2.0,0.00%,3.5
Bahamas,0.0,2.0,0.00%,3.5
Brunei,0.0,2.0,0.00%,3.5
Lithuania,0.0,2.0,0.00%,4.5
Paraguay,0.0,2.0,0.00%,4.5
Guinea,0.0,2.0,0.00%,6.5
Laos,0.0,2.0,0.00%,8.0
Tajikistan,0.0,2.0,0.00%,8.0
Estonia,0.0,2.0,0.00%,8.5
Senegal,0.0,2.0,0.00%,9.5
Macedonia,0.0,2.0,0.00%,10.5
Côte d’Ivoire,0.0,1.0,0.00%,1.0
Malawi,0.0,1.0,0.00%,1.0
Kosovo,0.0,1.0,0.00%,1.0
Gambia,0.0,1.0,0.00%,2.0
Belize,0.0,1.0,0.00%,3.0
Iceland,0.0,1.0,0.00%,3.0
Niger,0.0,1.0,0.00%,3.0
Andorra,0.0,1.0,0.00%,4.0
Isle of Man,0.0,1.0,0.00%,4.0
Trinidad & Tobago,0.0,1.0,0.00%,4.0
Mauritius,0.0,1.0,0.00%,6.0
Namibia,0.0,1.0,0.00%,6.0
Unknown Region,0.0,1.0,0.00%,8.0
Mongolia,0.0,1.0,0.00%,9.0
Equatorial Guinea,0.0,1.0,0.00%,10.0
South Sudan,0.0,1.0,0.00%,10.0
American Samoa,0.0,1.0,0.00%,11.0
Cameroon,0.0,1.0,0.00%,11.0
Congo - Brazzaville,0.0,1.0,0.00%,11.0
Honduras,0.0,1.0,0.00%,15.0
Madagascar,0.0,1.0,0.00%,18.0
