Top pages,Clicks,Impressions,CTR,Position
https://www.bionixus.com/pharmaceutical-companies-egypt,56.0,3698.0,1.51%,5.87
https://www.bionixus.com/pharmaceutical-companies-uae,25.0,1620.0,1.54%,9.57
https://www.bionixus.com/pharmaceutical-companies-iraq,16.0,869.0,1.84%,6.44
https://www.bionixus.com/pharmaceutical-companies-saudi-arabia,15.0,1047.0,1.43%,12.68
https://www.bionixus.com/pharmaceutical-companies-iran,15.0,882.0,1.70%,6.3
https://www.bionixus.com/,11.0,124.0,8.87%,13.73
https://www.bionixus.com/pharmaceutical-companies-kuwait,8.0,417.0,1.92%,8.61
https://www.bionixus.com/iqvia-alternative,5.0,391.0,1.28%,7.64
https://www.bionixus.com/pharmaceutical-companies-bahrain,4.0,177.0,2.26%,8.2
https://www.bionixus.com/insights/top-market-research-companies-egypt-2026,4.0,157.0,2.55%,8.92
https://www.bionixus.com/insights/top-healthcare-market-research-companies-usa-2026,3.0,527.0,0.57%,28.61
https://www.bionixus.com/news/bionixus-egypt-new-administrative-capital-office-2026,3.0,22.0,13.64%,5.91
https://www.bionixus.com/japan-medical-devices-market-report,2.0,2511.0,0.08%,44.25
https://www.bionixus.com/gcc-market-access-guide,2.0,1337.0,0.15%,42.08
https://www.bionixus.com/brazil-healthcare-market-report,2.0,1070.0,0.19%,41.1
https://www.bionixus.com/bionixus-market-research-middle-east,2.0,532.0,0.38%,55.07
https://www.bionixus.com/singapore-healthcare-market-report,2.0,389.0,0.51%,45.38
https://www.bionixus.com/india-medical-devices-market-report,2.0,345.0,0.58%,35.63
https://www.bionixus.com/blog/sfda-drug-registration-guide,2.0,176.0,1.14%,12.84
https://www.bionixus.com/insights/top-healthcare-market-research-companies-uk-2026,2.0,156.0,1.28%,19.65
https://www.bionixus.com/blog/uae-pharmaceutical-market-gcc-entry-guide-2026,2.0,106.0,1.89%,30.01
https://www.bionixus.com/insights/top-market-research-companies-saudi-arabia-2026,2.0,71.0,2.82%,8.8
https://www.bionixus.com/insights/top-market-research-companies-canada-2026,2.0,33.0,6.06%,9.06
https://www.bionixus.com/healthcare-market-research,1.0,586.0,0.17%,45.65
https://www.bionixus.com/insights/top-healthcare-market-research-companies-belgium-2026,1.0,248.0,0.40%,14.75
https://www.bionixus.com/singapore-medical-devices-market-report,1.0,194.0,0.52%,24.08
https://www.bionixus.com/insights/top-healthcare-market-research-companies-poland-2026,1.0,135.0,0.74%,10.45
https://www.bionixus.com/services/quantitative-research,1.0,112.0,0.89%,57.79
https://www.bionixus.com/japan-general-surgical-devices-market,1.0,94.0,1.06%,21.04
https://www.bionixus.com/insights/top-market-research-companies-morocco-2026,1.0,91.0,1.10%,8.53
https://www.bionixus.com/blog/top-healthcare-market-research-companies-2026,1.0,75.0,1.33%,17.87
https://www.bionixus.com/blog/healthcare-overview-qatar-market-2026,1.0,67.0,1.49%,21.31
https://www.bionixus.com/blog/uae-healthcare-market-overview-2026,1.0,65.0,1.54%,50.54
https://www.bionixus.com/oman-medical-devices-market-report,1.0,56.0,1.79%,5.77
https://www.bionixus.com/egypt-healthcare-market-report,1.0,49.0,2.04%,7.1
https://www.bionixus.com/market-reports/india-diabetes-market-report,1.0,48.0,2.08%,33.83
https://www.bionixus.com/insights/top-healthcare-market-research-companies-dubai-2026,1.0,47.0,2.13%,11.17
https://www.bionixus.com/healthcare-market-research-jordan,1.0,33.0,3.03%,18.36
https://www.bionixus.com/market-reports/awiqli-insulin-icodec-2026,1.0,32.0,3.12%,5.78
https://www.bionixus.com/insights/top-healthcare-market-research-companies-turkey-2026,1.0,30.0,3.33%,17.03
https://www.bionixus.com/pharmaceutical-companies-qatar,1.0,30.0,3.33%,21.97
https://www.bionixus.com/blog/jascayd-nerandomilast-ema-chmp-ipf-2026,1.0,28.0,3.57%,7.39
https://www.bionixus.com/healthcare-market-research/iraq,1.0,28.0,3.57%,26.82
https://www.bionixus.com/egypt-healthcare-market-research,1.0,25.0,4.00%,18.96
https://www.bionixus.com/pt/insights/top-empresas-pesquisa-mercado-brasil-2026,1.0,20.0,5.00%,4.0
https://www.bionixus.com/insights/top-fmcg-market-research-companies-saudi-arabia-2026,1.0,19.0,5.26%,9.74
https://www.bionixus.com/market-reports/icotyde-icotrokinra-2026,1.0,13.0,7.69%,5.69
https://www.bionixus.com/insights/top-market-research-companies-singapore-2026,1.0,11.0,9.09%,10.36
https://www.bionixus.com/insights/top-market-research-companies-australia-2026,1.0,11.0,9.09%,10.64
https://www.bionixus.com/switzerland-medtech-market-research,1.0,11.0,9.09%,19.64
https://www.bionixus.com/blog/market-access-strategy-uae,1.0,11.0,9.09%,31.09
https://www.bionixus.com/healthcare-market-research/therapy/rare-diseases,1.0,8.0,12.50%,9.38
https://www.bionixus.com/healthcare-market-research/china,1.0,8.0,12.50%,49.62
https://www.bionixus.com/market-reports/country/gcc,1.0,7.0,14.29%,28.71
https://www.bionixus.com/oman-fmcg-market-research,1.0,6.0,16.67%,6.17
https://www.bionixus.com/qatar-fmcg-market-research,1.0,6.0,16.67%,26.33
https://www.bionixus.com/blog/top-therapy-areas-pharma-growth-saudi-arabia,1.0,6.0,16.67%,43.33
https://www.bionixus.com/healthcare-market-research/australia,1.0,6.0,16.67%,44.17
https://www.bionixus.com/insights/top-public-sector-market-research-companies-oman-2026,1.0,5.0,20.00%,3.6
https://www.bionixus.com/market-reports/vijoice-alpelisib-pros-2026,1.0,5.0,20.00%,3.6
https://www.bionixus.com/es/insights/top-empresas-investigacion-mercado-argentina-2026,1.0,5.0,20.00%,5.6
https://www.bionixus.com/ar/healthcare-market-research/saudi-arabia,1.0,5.0,20.00%,6.6
https://www.bionixus.com/canada-healthcare-market-report,1.0,5.0,20.00%,6.6
https://www.bionixus.com/market-reports/kuwait-dermatology-market-report,1.0,4.0,25.00%,5.0
https://www.bionixus.com/oman-real-estate-market-research,1.0,4.0,25.00%,8.75
https://careers.bionixus.com/,1.0,3.0,33.33%,2.67
https://www.bionixus.com/bionixus-industries/insights/mdf-wood-manufacturing-market-research-trackers-mea,1.0,3.0,33.33%,2.67
https://www.bionixus.com/market-reports/uae-respiratory-market-report,1.0,1.0,100.00%,3.0
https://www.bionixus.com/italy-clinical-trials-market,1.0,1.0,100.00%,5.0
https://www.bionixus.com/blog/market-research-pharmaceutical-market-access-uae,1.0,1.0,100.00%,8.0
https://www.bionixus.com/market-research,0.0,915.0,0.00%,68.16
https://www.bionixus.com/blog,0.0,829.0,0.00%,64.45
https://www.bionixus.com/healthcare-market-research/saudi-arabia,0.0,667.0,0.00%,57.36
https://www.bionixus.com/blog/nupco-saudi-arabia-tendering-guide,0.0,483.0,0.00%,7.54
https://www.bionixus.com/blog/healthcare-overview-egypt-market-2026,0.0,352.0,0.00%,11.92
https://www.bionixus.com/healthcare-market-research/uk,0.0,352.0,0.00%,58.98
https://www.bionixus.com/services/competitive-intelligence,0.0,303.0,0.00%,62.09
https://www.bionixus.com/market-reports/country/canada,0.0,301.0,0.00%,73.02
https://www.bionixus.com/services/market-access,0.0,297.0,0.00%,63.59
https://www.bionixus.com/singapore-pharmaceutical-market,0.0,281.0,0.00%,59.85
https://www.bionixus.com/gcc-medication-management-market,0.0,278.0,0.00%,59.6
https://www.bionixus.com/italy-portable-diagnostic-devices-market,0.0,268.0,0.00%,48.84
https://www.bionixus.com/sweden-healthcare-market-report,0.0,247.0,0.00%,22.99
https://www.bionixus.com/healthcare-market-research/italy,0.0,227.0,0.00%,55.51
https://www.bionixus.com/blog/awiqli-insulin-icodec-weekly-fda-2026,0.0,223.0,0.00%,6.17
https://www.bionixus.com/global-websites/france,0.0,214.0,0.00%,56.29
https://www.bionixus.com/healthcare-market-research-germany,0.0,202.0,0.00%,53.94
https://www.bionixus.com/italy-medical-devices-market-report,0.0,187.0,0.00%,53.99
https://www.bionixus.com/japan-medical-device-market-access,0.0,178.0,0.00%,65.43
https://www.bionixus.com/blog/ai-drug-discovery-machine-learning-pharma-2026,0.0,173.0,0.00%,7.83
https://www.bionixus.com/healthcare-market-research/spain,0.0,165.0,0.00%,56.88
https://www.bionixus.com/south-korea-medical-devices-market-report,0.0,153.0,0.00%,22.25
https://www.bionixus.com/insights/best-obesity-weight-management-market-research-firms-2026,0.0,131.0,0.00%,9.6
https://www.bionixus.com/insights/top-market-research-companies-italy-2026,0.0,125.0,0.00%,22.87
https://www.bionixus.com/insights/top-market-research-companies-dubai-2026,0.0,121.0,0.00%,15.51
https://www.bionixus.com/blog/top-healthcare-market-research-firms-mena-europe,0.0,115.0,0.00%,37.44
https://www.bionixus.com/cost-effectiveness-analysis-gcc,0.0,114.0,0.00%,27.04
https://www.bionixus.com/healthcare-market-research/uae,0.0,114.0,0.00%,65.24
https://www.bionixus.com/gcc-functional-service-providers-market,0.0,108.0,0.00%,24.69
https://www.bionixus.com/insights/top-market-research-companies-iraq-2026,0.0,103.0,0.00%,7.71
https://www.bionixus.com/market-reports/therapy/hiv-arv,0.0,100.0,0.00%,73.53
https://www.bionixus.com/doxorubicin-market,0.0,95.0,0.00%,31.37
https://www.bionixus.com/market-research/energy,0.0,94.0,0.00%,63.14
https://www.bionixus.com/blog/icotyde-icotrokinra-psoriasis-fda-2026,0.0,93.0,0.00%,7.34
https://www.bionixus.com/china-healthcare-market-report,0.0,93.0,0.00%,28.57
https://www.bionixus.com/gcc-generic-pharmaceuticals-market,0.0,92.0,0.00%,57.71
https://www.bionixus.com/market-reports/country/brazil,0.0,91.0,0.00%,69.19
https://www.bionixus.com/france-medical-devices-market-report,0.0,90.0,0.00%,27.66
https://www.bionixus.com/brazil-medical-devices-market-report,0.0,88.0,0.00%,10.83
https://www.bionixus.com/blog/healthcare-overview-kuwait-market-2026,0.0,88.0,0.00%,11.6
https://www.bionixus.com/blog/rare-disease-orphan-drug-saudi-arabia-sfda-2026,0.0,86.0,0.00%,9.88
https://www.bionixus.com/japan-healthcare-market-report,0.0,84.0,0.00%,14.92
https://www.bionixus.com/spain-medical-devices-market-report,0.0,80.0,0.00%,37.55
https://www.bionixus.com/insights/top-healthcare-market-research-companies-colombia-2026,0.0,76.0,0.00%,8.78
https://www.bionixus.com/turkey-medical-devices-market-report,0.0,73.0,0.00%,18.25
https://www.bionixus.com/global-websites/united-arab-emirates,0.0,72.0,0.00%,55.67
https://www.bionixus.com/services/kol-stakeholder-mapping,0.0,70.0,0.00%,45.97
https://www.bionixus.com/healthcare-market-research/singapore,0.0,68.0,0.00%,71.53
https://www.bionixus.com/canada-medical-devices-market-report,0.0,67.0,0.00%,25.84
https://www.bionixus.com/insights/top-healthcare-market-research-companies-saudi-arabia-2026,0.0,63.0,0.00%,12.63
https://www.bionixus.com/insights/top-market-research-companies-angola-2026,0.0,62.0,0.00%,14.4
https://www.bionixus.com/germany-medical-devices-market-report,0.0,62.0,0.00%,17.74
https://www.bionixus.com/usa-healthcare-market-report,0.0,62.0,0.00%,64.5
https://www.bionixus.com/insights/top-healthcare-market-research-companies-sweden-2026,0.0,60.0,0.00%,10.17
https://www.bionixus.com/global-websites/singapore,0.0,59.0,0.00%,77.9
https://www.bionixus.com/market-reports/country/saudi-arabia,0.0,58.0,0.00%,42.76
https://www.bionixus.com/spain-healthcare-market-report,0.0,58.0,0.00%,43.79
https://www.bionixus.com/insights/top-market-research-companies-qatar-2026,0.0,57.0,0.00%,13.81
https://www.bionixus.com/gcc-pharmaceutical-market-research,0.0,56.0,0.00%,23.0
https://www.bionixus.com/uk-medical-devices-market-report,0.0,56.0,0.00%,37.34
https://www.bionixus.com/australia-medical-devices-market-report,0.0,51.0,0.00%,22.22
https://www.bionixus.com/insights/top-pharmaceutical-analytics-companies-worldwide-2026,0.0,50.0,0.00%,8.94
https://www.bionixus.com/about,0.0,49.0,0.00%,5.33
https://www.bionixus.com/api/og-card?path=/market-reports/germany-oncology-market-report,0.0,49.0,0.00%,70.04
https://www.bionixus.com/egypt-medical-devices-market-report,0.0,48.0,0.00%,8.71
https://www.bionixus.com/insights/top-healthcare-market-research-companies-abu-dhabi-2026,0.0,48.0,0.00%,18.27
https://www.bionixus.com/singapore-medtech-manufacturing-market,0.0,48.0,0.00%,36.25
https://www.bionixus.com/insights/top-pharma-market-research-companies-middle-east-2026,0.0,47.0,0.00%,10.68
https://www.bionixus.com/insights/top-healthcare-market-research-companies-italy-2026,0.0,47.0,0.00%,28.72
https://www.bionixus.com/contact,0.0,46.0,0.00%,6.72
https://www.bionixus.com/market-reports/country/china,0.0,44.0,0.00%,40.07
https://www.bionixus.com/healthcare-market-research-singapore,0.0,44.0,0.00%,53.02
https://www.bionixus.com/market-reports/gcc-immunology-biologics-market-report,0.0,43.0,0.00%,9.28
https://www.bionixus.com/insights/top-healthcare-market-research-companies-chile-2026,0.0,43.0,0.00%,12.93
https://www.bionixus.com/bionixus-industries,0.0,43.0,0.00%,31.91
https://www.bionixus.com/healthcare-market-research/france,0.0,43.0,0.00%,41.91
https://www.bionixus.com/market-reports/country/uk,0.0,43.0,0.00%,62.12
https://www.bionixus.com/blog/top-healthcare-market-research-companies-uae,0.0,43.0,0.00%,71.42
https://www.bionixus.com/saudi-arabia-medical-devices-market-report,0.0,42.0,0.00%,8.88
https://www.bionixus.com/blog/pharmaceutical-market-entry-saudi-arabia-2026-guide,0.0,42.0,0.00%,48.9
https://www.bionixus.com/market-reports/foundayo-orforglipron-obesity-2026,0.0,41.0,0.00%,7.83
https://www.bionixus.com/insights/top-healthcare-market-research-companies-peru-2026,0.0,41.0,0.00%,9.0
https://www.bionixus.com/healthcare-bioconvergence-market,0.0,40.0,0.00%,16.68
https://www.bionixus.com/febrile-neutropenia-market,0.0,39.0,0.00%,9.21
https://www.bionixus.com/uae-pricing-reimbursement-strategy,0.0,39.0,0.00%,9.46
https://www.bionixus.com/insights/top-global-healthcare-market-research-companies-2026,0.0,37.0,0.00%,12.68
https://www.bionixus.com/singapore-medtech-market-research,0.0,36.0,0.00%,69.22
https://www.bionixus.com/news/bionixus-brazil-office-latam-expansion-2026,0.0,35.0,0.00%,7.54
https://www.bionixus.com/japan-neurology-devices-market,0.0,35.0,0.00%,15.23
https://www.bionixus.com/malaysia-medtech-market-research,0.0,35.0,0.00%,37.8
https://www.bionixus.com/brazil-healthcare-market-research,0.0,35.0,0.00%,42.69
https://www.bionixus.com/global-websites/italy,0.0,35.0,0.00%,44.71
https://www.bionixus.com/market-reports/gcc-respiratory-market-report,0.0,34.0,0.00%,8.76
https://www.bionixus.com/market-reports/saudi-arabia-biosimilars-market-report,0.0,34.0,0.00%,11.56
https://www.bionixus.com/market-research/education,0.0,34.0,0.00%,15.68
https://www.bionixus.com/global-websites/spain,0.0,34.0,0.00%,63.47
https://www.bionixus.com/usa-medical-devices-market-report,0.0,33.0,0.00%,27.94
https://www.bionixus.com/japan-medical-disposables-market,0.0,32.0,0.00%,13.0
https://www.bionixus.com/singapore-ivd-market-access,0.0,32.0,0.00%,14.47
https://www.bionixus.com/insights/top-market-research-companies-sweden-2026,0.0,31.0,0.00%,7.61
https://www.bionixus.com/blog/foundayo-orforglipron-fda-approval-2026,0.0,30.0,0.00%,9.1
https://www.bionixus.com/kuwait-healthcare-market-report,0.0,30.0,0.00%,11.57
https://www.bionixus.com/insights/top-market-research-companies-lebanon-2026,0.0,29.0,0.00%,7.14
https://www.bionixus.com/blog/pharmaceutical-market-research-uk-2026,0.0,29.0,0.00%,86.66
https://www.bionixus.com/turkey-healthcare-market-report,0.0,28.0,0.00%,5.71
https://www.bionixus.com/italy-healthcare-market-report,0.0,28.0,0.00%,50.04
https://www.bionixus.com/market-reports/turkey-diabetes-market-report,0.0,27.0,0.00%,4.93
https://www.bionixus.com/oman-healthcare-market-report,0.0,27.0,0.00%,6.3
https://www.bionixus.com/market-reports/gcc-vaccines-market-report,0.0,27.0,0.00%,22.56
https://www.bionixus.com/market-reports/country/singapore,0.0,27.0,0.00%,68.89
https://www.bionixus.com/blog/eli-lilly-vaccine-acquisitions-curevo-limmatech-2026,0.0,26.0,0.00%,5.88
https://www.bionixus.com/services,0.0,26.0,0.00%,8.73
https://www.bionixus.com/uae-pharmaceutical-market-research,0.0,26.0,0.00%,36.88
https://www.bionixus.com/blog/deutsche-pharmaunternehmen-2026-pipeline-updates,0.0,25.0,0.00%,5.2
https://www.bionixus.com/market-reports/china-cardiovascular-market-report,0.0,25.0,0.00%,20.8
http://www.bionixus.com/,0.0,23.0,0.00%,6.26
https://www.bionixus.com/market-reports/oman-digital-health-market-report,0.0,23.0,0.00%,9.87
https://www.bionixus.com/insights/top-market-research-companies-usa-2026,0.0,23.0,0.00%,18.39
https://www.bionixus.com/blog/obesity-pbm-coverage-lilly-portfolio-q2-2026,0.0,23.0,0.00%,29.09
https://www.bionixus.com/heor-consulting,0.0,23.0,0.00%,46.48
https://www.bionixus.com/insights/top-market-research-companies-gcc-2026,0.0,22.0,0.00%,11.32
https://www.bionixus.com/blog/kuwait-healthcare-market-trends-2026,0.0,22.0,0.00%,18.36
https://www.bionixus.com/market-reports/china-diabetes-market-report,0.0,22.0,0.00%,19.77
https://www.bionixus.com/uk-healthcare-market-report,0.0,22.0,0.00%,44.41
https://www.bionixus.com/china-medtech-market-research,0.0,21.0,0.00%,18.33
https://www.bionixus.com/healthcare-market-research/south-korea,0.0,21.0,0.00%,55.0
https://www.bionixus.com/insights/top-fmcg-market-research-companies-kuwait-2026,0.0,20.0,0.00%,8.1
https://www.bionixus.com/insights/top-market-research-companies-denmark-2026,0.0,20.0,0.00%,9.7
https://www.bionixus.com/sitemap,0.0,20.0,0.00%,13.8
https://www.bionixus.com/mena-pharma-market-data,0.0,20.0,0.00%,16.95
https://www.bionixus.com/blog/langlara-insulin-glargine-biosimilar-fda-2026,0.0,19.0,0.00%,7.47
https://www.bionixus.com/blog/fda-real-world-evidence-market-access-usa-2026,0.0,19.0,0.00%,14.32
https://www.bionixus.com/global-websites/kuwait,0.0,19.0,0.00%,22.95
https://www.bionixus.com/global-websites/tunisia,0.0,19.0,0.00%,32.26
https://www.bionixus.com/healthcare-market-research/sweden,0.0,19.0,0.00%,60.95
https://www.bionixus.com/blog/cenrifki-tolebrutinib-nrspms-ema-chmp-2026,0.0,18.0,0.00%,6.78
https://www.bionixus.com/bahrain-healthcare-market-report,0.0,18.0,0.00%,8.28
https://www.bionixus.com/blog/ema-orphan-drug-designation-guide-europe-2026,0.0,18.0,0.00%,8.67
https://www.bionixus.com/insights/top-market-research-companies-brazil-2026,0.0,18.0,0.00%,9.17
https://www.bionixus.com/market-reports/beqalzi-sonrotoclax-2026,0.0,18.0,0.00%,10.39
https://www.bionixus.com/insights/top-biotech-market-research-companies-oman-2026,0.0,18.0,0.00%,12.06
https://www.bionixus.com/blog/beqalzi-sonrotoclax-mcl-fda-2026,0.0,17.0,0.00%,8.53
https://www.bionixus.com/market-reports/china-oncology-market-report,0.0,17.0,0.00%,17.18
https://www.bionixus.com/strategic-portfolio,0.0,17.0,0.00%,20.12
https://www.bionixus.com/market-reports/gcc-digital-health-market-report,0.0,17.0,0.00%,27.0
https://www.bionixus.com/global-websites/canada,0.0,17.0,0.00%,41.82
https://www.bionixus.com/pharmaceutical-companies-oman,0.0,16.0,0.00%,5.88
https://www.bionixus.com/insights/top-market-research-companies-abu-dhabi-2026,0.0,16.0,0.00%,7.12
https://www.bionixus.com/market-reports/qatar-digital-health-market-report,0.0,16.0,0.00%,9.19
https://www.bionixus.com/es/insights/top-empresas-investigacion-mercado-salud-argentina-2026,0.0,16.0,0.00%,9.25
https://careers.bionixus.com/applications/3971c1d6-ff5b-423d-9930-a496a853d166?lang=EN,0.0,16.0,0.00%,13.94
https://www.bionixus.com/respiratory-market-access-gcc,0.0,16.0,0.00%,15.38
https://www.bionixus.com/insights/best-global-market-research-companies-pharma-2026,0.0,16.0,0.00%,16.56
https://www.bionixus.com/market-reports/country/germany,0.0,16.0,0.00%,22.69
https://www.bionixus.com/b2c-industries,0.0,16.0,0.00%,24.38
https://www.bionixus.com/es/healthcare-market-research/spain,0.0,16.0,0.00%,51.5
https://www.bionixus.com/case-studies,0.0,16.0,0.00%,67.38
https://www.bionixus.com/market-reports/bahrain-digital-health-market-report,0.0,15.0,0.00%,5.87
https://www.bionixus.com/blog/baxfendy-baxdrostat-hypertension-fda-2026,0.0,15.0,0.00%,6.33
https://www.bionixus.com/blog/datroway-datopotamab-tnbc-fda-approval-2026,0.0,15.0,0.00%,6.93
https://www.bionixus.com/client-reviews,0.0,15.0,0.00%,7.47
https://www.bionixus.com/brand-tracking-pharma-gcc,0.0,15.0,0.00%,8.07
https://www.bionixus.com/market-reports/country/egypt,0.0,15.0,0.00%,22.53
https://www.bionixus.com/healthcare-market-research-japan,0.0,15.0,0.00%,24.0
https://www.bionixus.com/market-reports/germany-cardiovascular-market-report,0.0,15.0,0.00%,38.07
https://www.bionixus.com/sfda-market-access-strategy-saudi-arabia,0.0,14.0,0.00%,7.14
https://www.bionixus.com/blog/camizestrant-pdufa-extension-astrazeneca-2026,0.0,14.0,0.00%,7.93
https://www.bionixus.com/kuwait-real-estate-market-research,0.0,14.0,0.00%,12.86
https://www.bionixus.com/market-reports/china-immunology-biologics-market-report,0.0,14.0,0.00%,14.0
https://www.bionixus.com/new-zealand-medtech-market-research,0.0,14.0,0.00%,18.43
https://www.bionixus.com/insights/top-fmcg-market-research-companies-qatar-2026,0.0,14.0,0.00%,19.14
https://www.bionixus.com/market-research/retail,0.0,14.0,0.00%,19.79
https://www.bionixus.com/pharmaceutical-market-research-dubai,0.0,14.0,0.00%,43.21
https://www.bionixus.com/india-healthcare-market-report,0.0,14.0,0.00%,64.29
https://www.bionixus.com/blog/hta-dossier-saudi-arabia-market-access,0.0,13.0,0.00%,5.08
https://www.bionixus.com/blog/top-market-research-companies-egypt-2026,0.0,13.0,0.00%,6.15
https://www.bionixus.com/b2b-industries,0.0,13.0,0.00%,16.62
https://www.bionixus.com/global-websites/china,0.0,13.0,0.00%,17.15
https://www.bionixus.com/saudi-arabia-healthcare-market-research,0.0,13.0,0.00%,57.08
https://careers.bionixus.com/applications/cb0b5afc-03ce-4c2b-9b10-616126169bfa?lang=EN,0.0,12.0,0.00%,5.67
https://www.bionixus.com/market-reports/cenrifki-tolebrutinib-2026,0.0,12.0,0.00%,6.25
https://www.bionixus.com/blog/oncology-uae-2026-cancer-care-outlook,0.0,12.0,0.00%,7.5
https://www.bionixus.com/market-reports/saudi-arabia-diabetes-market-report,0.0,12.0,0.00%,9.08
https://www.bionixus.com/uae-medical-devices-market-report,0.0,12.0,0.00%,11.75
https://www.bionixus.com/insights/top-healthcare-market-research-companies-new-zealand-2026,0.0,12.0,0.00%,12.33
https://www.bionixus.com/insights/top-market-research-companies-uk-2026,0.0,12.0,0.00%,12.33
https://www.bionixus.com/healthcare-market-research/bahrain,0.0,12.0,0.00%,14.5
https://www.bionixus.com/insights/top-market-research-companies-poland-2026,0.0,12.0,0.00%,14.83
https://www.bionixus.com/healthcare-market-research/algeria,0.0,12.0,0.00%,18.75
https://www.bionixus.com/market-reports/egypt-neurology-cns-market-report,0.0,11.0,0.00%,3.73
https://www.bionixus.com/insights/top-healthcare-market-research-companies-argentina-2026,0.0,11.0,0.00%,9.18
https://www.bionixus.com/qualitative-market-research,0.0,11.0,0.00%,22.55
https://www.bionixus.com/france-medtech-market-research,0.0,11.0,0.00%,28.09
https://www.bionixus.com/market-reports/japan-cardiovascular-market-report,0.0,11.0,0.00%,59.64
https://www.bionixus.com/clinical-diagnostics-market-research,0.0,11.0,0.00%,65.45
https://www.bionixus.com/healthcare-market-research-in-uae,0.0,11.0,0.00%,67.0
https://www.bionixus.com/blog/digital-therapeutics-regulation-mena-markets,0.0,10.0,0.00%,5.5
https://www.bionixus.com/insights/top-healthcare-market-research-companies-riyadh-2026,0.0,10.0,0.00%,6.7
https://www.bionixus.com/case-studies/cns-case-study,0.0,10.0,0.00%,8.3
https://www.bionixus.com/insights/top-fmcg-market-research-companies-oman-2026,0.0,10.0,0.00%,9.3
https://www.bionixus.com/global-websites/mexico,0.0,10.0,0.00%,11.7
https://www.bionixus.com/insights/top-biotech-market-research-companies-qatar-2026,0.0,10.0,0.00%,13.3
https://www.bionixus.com/blog/tecartus-brexucabtagene-mcl-full-approval-2026,0.0,10.0,0.00%,15.8
https://www.bionixus.com/services/qualitative-research,0.0,10.0,0.00%,15.9
https://www.bionixus.com/healthcare-market-research-malaysia,0.0,10.0,0.00%,16.6
https://www.bionixus.com/api/og-card?path=/market-reports/turkey-diabetes-market-report,0.0,10.0,0.00%,39.7
https://www.bionixus.com/market-reports/country/japan,0.0,10.0,0.00%,52.7
https://www.bionixus.com/bahrain-education-market-research,0.0,9.0,0.00%,3.78
https://www.bionixus.com/insights/top-healthcare-market-research-companies-brazil-2026,0.0,9.0,0.00%,6.67
https://www.bionixus.com/real-world-evidence,0.0,9.0,0.00%,6.78
https://www.bionixus.com/blog/saudi-arabia-gcc-pharmaceutical-market-guide-2026,0.0,9.0,0.00%,7.89
https://www.bionixus.com/hta-studies-saudi-arabia,0.0,9.0,0.00%,7.89
https://www.bionixus.com/insights/top-market-research-companies-netherlands-2026,0.0,9.0,0.00%,8.89
https://www.bionixus.com/blog/adstiladrin-nadofaragene-nmibc-ema-chmp-2026,0.0,9.0,0.00%,10.67
https://www.bionixus.com/qatar-market-access-research,0.0,9.0,0.00%,11.33
https://www.bionixus.com/blog/competitive-intelligence-pharma-gcc,0.0,9.0,0.00%,14.44
https://www.bionixus.com/japan-medtech-market-research,0.0,9.0,0.00%,41.67
https://www.bionixus.com/global-websites/japan,0.0,9.0,0.00%,45.44
https://www.bionixus.com/market-reports/langlara-insulin-glargine-2026,0.0,8.0,0.00%,3.25
https://www.bionixus.com/market-reports/joenja-leniolisib-apds-2026,0.0,8.0,0.00%,4.75
https://www.bionixus.com/healthcare-market-research-in-saudi-arabia,0.0,8.0,0.00%,5.0
https://www.bionixus.com/medical-affairs-insight-research-gcc,0.0,8.0,0.00%,5.88
https://www.bionixus.com/market-reports/saudi-arabia-vaccines-market-report,0.0,8.0,0.00%,7.25
https://www.bionixus.com/global-websites/libya,0.0,8.0,0.00%,7.5
https://www.bionixus.com/global-websites/morocco,0.0,8.0,0.00%,8.12
https://www.bionixus.com/insights/top-fmcg-market-research-companies-egypt-2026,0.0,8.0,0.00%,8.12
https://www.bionixus.com/insights/top-healthcare-market-research-companies-ireland-2026,0.0,8.0,0.00%,8.25
https://www.bionixus.com/msl-insight-research-middle-east,0.0,8.0,0.00%,8.38
https://www.bionixus.com/blog/kresladi-marnetegragene-lad1-fda-2026,0.0,8.0,0.00%,8.5
https://www.bionixus.com/market-reports/saudi-arabia-digital-health-market-report,0.0,8.0,0.00%,9.38
https://www.bionixus.com/healthcare-market-research-switzerland,0.0,8.0,0.00%,11.12
https://www.bionixus.com/insights/top-market-research-companies-argentina-2026,0.0,8.0,0.00%,13.88
https://www.bionixus.com/insights/top-market-research-companies-malaysia-2026,0.0,8.0,0.00%,14.38
https://www.bionixus.com/pharmaceutical-market-research-japan,0.0,8.0,0.00%,15.62
https://www.bionixus.com/market-reports/country/turkey,0.0,8.0,0.00%,16.25
https://www.bionixus.com/insights/top-market-research-companies-turkey-2026,0.0,8.0,0.00%,17.25
https://www.bionixus.com/insights/top-medtech-market-research-companies-qatar-2026,0.0,8.0,0.00%,18.75
https://www.bionixus.com/uk-medtech-market-research,0.0,8.0,0.00%,38.75
https://www.bionixus.com/global-websites/united-kingdom,0.0,8.0,0.00%,63.38
https://www.bionixus.com/australia-healthcare-market-report,0.0,8.0,0.00%,70.88
https://www.bionixus.com/oman-retail-market-research,0.0,7.0,0.00%,3.86
https://www.bionixus.com/market-reports/uae-digital-health-market-report,0.0,7.0,0.00%,5.0
https://www.bionixus.com/market-reports/jascayd-nerandomilast-2026,0.0,7.0,0.00%,5.29
https://www.bionixus.com/blog/hepcludex-bulevirtide-hdv-fda-approval-2026,0.0,7.0,0.00%,7.43
https://www.bionixus.com/insights/top-market-research-companies-uae-2026,0.0,7.0,0.00%,7.71
https://www.bionixus.com/market-reports/baxfendy-baxdrostat-2026,0.0,7.0,0.00%,7.71
https://www.bionixus.com/blog/lynarvo-linerixibat-pbc-fda-2026,0.0,7.0,0.00%,9.29
https://www.bionixus.com/insights/leading-biologics-biosimilars-market-research-companies-2026,0.0,7.0,0.00%,9.86
https://www.bionixus.com/patient-adherence-research-middle-east,0.0,7.0,0.00%,11.71
https://www.bionixus.com/market-reports/germany-immunology-biologics-market-report,0.0,7.0,0.00%,16.57
https://www.bionixus.com/blog/gcc-pharmacy-market-2026,0.0,7.0,0.00%,21.86
https://www.bionixus.com/market-reports/uae-neurology-cns-market-report,0.0,7.0,0.00%,22.29
https://careers.bionixus.com/applications/d7d18c6d-a616-40ec-a3b5-4ce4f0324a7c?lang=EN,0.0,7.0,0.00%,23.57
https://www.bionixus.com/global-websites/south-africa,0.0,7.0,0.00%,24.29
https://www.bionixus.com/egypt-automotive-market-research,0.0,7.0,0.00%,25.43
https://www.bionixus.com/healthcare-market-research-sweden,0.0,7.0,0.00%,26.14
https://www.bionixus.com/healthcare-market-research/lebanon,0.0,7.0,0.00%,39.43
https://www.bionixus.com/australia-medtech-market-research,0.0,7.0,0.00%,47.29
https://www.bionixus.com/pharmaceutical-market-research-australia,0.0,7.0,0.00%,50.14
https://www.bionixus.com/pharmaceutical-market-research-singapore,0.0,7.0,0.00%,67.71
https://www.bionixus.com/blog/healthcare-market-research-uae-guide-2025,0.0,7.0,0.00%,88.43
https://www.bionixus.com/pt/insights/top-market-research-companies-brasil-2026,0.0,6.0,0.00%,4.83
https://www.bionixus.com/gfk-alternative-egypt,0.0,6.0,0.00%,5.67
https://www.bionixus.com/market-reports/oman-oncology-market-report,0.0,6.0,0.00%,5.83
https://www.bionixus.com/insights/top-market-research-companies-riyadh-2026,0.0,6.0,0.00%,10.17
https://www.bionixus.com/zh/methodology,0.0,6.0,0.00%,10.67
https://www.bionixus.com/healthcare-market-research-agency-gcc,0.0,6.0,0.00%,16.17
https://www.bionixus.com/blog/european-hta-regulation-2026-pharmaceutical-market-access-guide,0.0,6.0,0.00%,16.83
https://www.bionixus.com/healthcare-market-research-denmark,0.0,6.0,0.00%,18.33
https://www.bionixus.com/global-websites/kenya,0.0,6.0,0.00%,22.0
https://www.bionixus.com/blog/top-healthcare-market-research-companies-kuwait,0.0,6.0,0.00%,27.33
https://www.bionixus.com/healthcare-market-research/kuwait,0.0,6.0,0.00%,32.0
https://www.bionixus.com/qatar-medtech-market-research,0.0,6.0,0.00%,33.33
https://www.bionixus.com/global-websites/qatar,0.0,6.0,0.00%,46.0
https://www.bionixus.com/healthcare-market-research-south-korea,0.0,6.0,0.00%,50.0
https://www.bionixus.com/blog/farmacoeconomia-acceso-mercado-espana-2026,0.0,6.0,0.00%,64.83
https://www.bionixus.com/market-reports/country/australia,0.0,6.0,0.00%,78.5
https://www.bionixus.com/healthcare-market-research/turkey,0.0,6.0,0.00%,84.67
https://www.bionixus.com/healthcare-market-research/dubai,0.0,6.0,0.00%,93.83
https://www.bionixus.com/market-research-uae,0.0,6.0,0.00%,97.0
https://www.bionixus.com/kol-mapping-saudi-arabia-oncology,0.0,5.0,0.00%,3.0
https://www.bionixus.com/market-reports/datroway-datopotamab-deruxtecan-2026,0.0,5.0,0.00%,4.6
https://www.bionixus.com/blog/avaliacao-tecnologias-conitec-brasil-2026,0.0,5.0,0.00%,5.2
https://www.bionixus.com/healthcare-market-research/therapy/immunology,0.0,5.0,0.00%,5.8
https://www.bionixus.com/blog/vijoice-alpelisib-pros-ema-chmp-2026,0.0,5.0,0.00%,6.2
https://www.bionixus.com/spain-medtech-market-research,0.0,5.0,0.00%,6.4
https://www.bionixus.com/market-reports/egypt-oncology-market-report,0.0,5.0,0.00%,6.8
https://www.bionixus.com/blog/decnupaz-pivekimab-bpdcn-fda-approval-2026,0.0,5.0,0.00%,7.0
https://www.bionixus.com/pharmaceutical-market-research-malaysia,0.0,5.0,0.00%,7.0
https://www.bionixus.com/insights/top-media-market-research-companies-saudi-arabia-2026,0.0,5.0,0.00%,7.4
https://www.bionixus.com/blog/roche-pathai-acquisition-digital-pathology-2026,0.0,5.0,0.00%,7.6
https://www.bionixus.com/italy-medical-device-connectivity-market,0.0,5.0,0.00%,7.6
https://www.bionixus.com/budget-impact-model-saudi-arabia,0.0,5.0,0.00%,8.0
https://www.bionixus.com/market-reports/bahrain-dermatology-market-report,0.0,5.0,0.00%,8.6
https://www.bionixus.com/market-reports/camizestrant-nda-extension-2026,0.0,5.0,0.00%,9.0
https://www.bionixus.com/insights/top-market-research-companies-senegal-2026,0.0,5.0,0.00%,9.4
https://www.bionixus.com/blog/oncology-market-research-usa-2026,0.0,5.0,0.00%,10.8
https://www.bionixus.com/healthcare-market-research-turkey,0.0,5.0,0.00%,11.0
https://www.bionixus.com/uae-biotech-market-research,0.0,5.0,0.00%,16.0
https://www.bionixus.com/market-reports/egypt-digital-health-market-report,0.0,5.0,0.00%,23.8
https://www.bionixus.com/bahrain-consumer-health-market-research,0.0,5.0,0.00%,32.8
https://www.bionixus.com/api/og-card?path=/south-korea-medical-devices-market-report,0.0,5.0,0.00%,35.0
https://www.bionixus.com/bahrain-biotech-market-research,0.0,5.0,0.00%,35.8
https://www.bionixus.com/market-reports/therapy/vaccines,0.0,5.0,0.00%,37.0
https://www.bionixus.com/market-research-bahrain,0.0,5.0,0.00%,38.2
https://www.bionixus.com/market-reports/gcc-oncology-market-report,0.0,5.0,0.00%,39.8
https://www.bionixus.com/blog/top-healthcare-market-research-companies-mena,0.0,5.0,0.00%,58.2
https://www.bionixus.com/api/og-card?path=/market-reports/uae-immunology-biologics-market-report,0.0,5.0,0.00%,97.4
https://www.bionixus.com/insights/top-retail-market-research-companies-oman-2026,0.0,4.0,0.00%,2.5
https://www.bionixus.com/market-reports/qatar-diabetes-market-report,0.0,4.0,0.00%,3.0
https://www.bionixus.com/ar,0.0,4.0,0.00%,4.0
https://www.bionixus.com/blog/sfda-economic-evaluation-budget-impact-guide-2026,0.0,4.0,0.00%,4.0
https://www.bionixus.com/brazil-medtech-market-research,0.0,4.0,0.00%,4.75
https://www.bionixus.com/blog/redemplo-plozasiran-fcs-ema-chmp-2026,0.0,4.0,0.00%,5.0
https://www.bionixus.com/market-research-oman,0.0,4.0,0.00%,5.0
https://www.bionixus.com/case-studies/uae-influenza-vaccines-report-2025-2026,0.0,4.0,0.00%,5.75
https://www.bionixus.com/market-reports/saudi-arabia-oncology-market-report,0.0,4.0,0.00%,5.75
https://www.bionixus.com/blog/joenja-leniolisib-apds-ema-chmp-2026,0.0,4.0,0.00%,6.0
https://www.bionixus.com/bionixus-industries/insights/financial-services-market-research-egypt-2026,0.0,4.0,0.00%,6.5
https://www.bionixus.com/blog/itvisma-onasemnogene-sma-ema-chmp-2026,0.0,4.0,0.00%,6.5
https://www.bionixus.com/market-reports/adstiladrin- bladder-cancer-2026,0.0,4.0,0.00%,6.5
https://www.bionixus.com/market-reports/egypt-immunology-biologics-market-report,0.0,4.0,0.00%,6.75
https://www.bionixus.com/market-reports/lilly-vaccine-ma-expansion-2026,0.0,4.0,0.00%,7.25
https://www.bionixus.com/global-websites/nigeria,0.0,4.0,0.00%,7.75
https://www.bionixus.com/insights/top-hospitality-market-research-companies-uae-2026,0.0,4.0,0.00%,8.5
https://www.bionixus.com/healthcare-market-research/nigeria,0.0,4.0,0.00%,9.5
https://www.bionixus.com/uae-energy-market-research,0.0,4.0,0.00%,9.75
https://www.bionixus.com/healthcare-fieldwork-gcc,0.0,4.0,0.00%,10.0
https://www.bionixus.com/gcc-clinical-trials-market,0.0,4.0,0.00%,10.5
https://www.bionixus.com/oman-consumer-health-market-research,0.0,4.0,0.00%,10.75
https://www.bionixus.com/blog/financial-services-market-research-egypt-2026,0.0,4.0,0.00%,11.0
https://www.bionixus.com/qatar-telecom-market-research,0.0,4.0,0.00%,11.5
https://www.bionixus.com/blog/nmpa-pharmaceutical-market-research-china-2026,0.0,4.0,0.00%,13.0
https://www.bionixus.com/healthcare-market-research-australia,0.0,4.0,0.00%,13.5
https://www.bionixus.com/insights/top-automotive-market-research-companies-egypt-2026,0.0,4.0,0.00%,13.75
https://www.bionixus.com/zh,0.0,4.0,0.00%,15.0
https://www.bionixus.com/insights/top-fmcg-market-research-companies-bahrain-2026,0.0,4.0,0.00%,18.25
https://www.bionixus.com/blog/middle-east-healthcare-market-statistics-2026,0.0,4.0,0.00%,20.75
https://www.bionixus.com/blog/etudes-marche-pharmaceutique-france-2026,0.0,4.0,0.00%,21.0
https://www.bionixus.com/blog/pharmacoeconomics-consulting-europe-2026,0.0,4.0,0.00%,23.0
https://www.bionixus.com/blog/gcc-pharmaceuticals-market-2026,0.0,4.0,0.00%,26.5
https://www.bionixus.com/oman-financial-services-market-research,0.0,4.0,0.00%,27.25
https://www.bionixus.com/healthcare-market-research-ireland,0.0,4.0,0.00%,28.5
https://www.bionixus.com/qatar-healthcare-market-research,0.0,4.0,0.00%,29.5
https://www.bionixus.com/blog/flovent-hfa-fluticasone-generic-fda-2026,0.0,4.0,0.00%,33.5
https://www.bionixus.com/qatar-biotech-market-research,0.0,4.0,0.00%,35.0
https://www.bionixus.com/global-websites,0.0,4.0,0.00%,35.25
https://www.bionixus.com/pharmaceutical-market-research-netherlands,0.0,4.0,0.00%,38.25
https://www.bionixus.com/bahrain-automotive-market-research,0.0,4.0,0.00%,38.75
https://www.bionixus.com/market-research-qatar,0.0,4.0,0.00%,42.0
https://www.bionixus.com/healthcare-market-research/qatar,0.0,4.0,0.00%,43.25
https://www.bionixus.com/market-reports/therapy/biosimilars,0.0,4.0,0.00%,48.75
https://www.bionixus.com/api/og-card?path=/pharmaceutical-companies-egypt,0.0,4.0,0.00%,87.5
https://www.bionixus.com/market-reports/australia-oncology-market-report,0.0,4.0,0.00%,88.0
https://www.bionixus.com/api/og-card?path=/healthcare-market-research/turkey,0.0,4.0,0.00%,93.5
https://www.bionixus.com/saudi-arabia-biotech-market-research,0.0,3.0,0.00%,2.0
https://www.bionixus.com/kuwait-technology-market-research,0.0,3.0,0.00%,3.33
https://www.bionixus.com/faq,0.0,3.0,0.00%,4.0
https://www.bionixus.com/market-reports/qatar-dermatology-market-report,0.0,3.0,0.00%,5.0
https://www.bionixus.com/pharma-fieldwork-egypt,0.0,3.0,0.00%,5.0
https://www.bionixus.com/insights/top-retail-market-research-companies-kuwait-2026,0.0,3.0,0.00%,5.67
https://www.bionixus.com/market-research-in-saudi-arabia,0.0,3.0,0.00%,5.67
https://www.bionixus.com/pharmaceutical-market-research-usa,0.0,3.0,0.00%,6.0
https://www.bionixus.com/blog/hospital-market-research,0.0,3.0,0.00%,6.67
https://www.bionixus.com/kuwait-telecom-market-research,0.0,3.0,0.00%,6.67
https://www.bionixus.com/oman-biotech-market-research,0.0,3.0,0.00%,6.67
https://www.bionixus.com/oman-healthcare-market-research,0.0,3.0,0.00%,6.67
https://www.bionixus.com/bahrain-fmcg-market-research,0.0,3.0,0.00%,7.0
https://www.bionixus.com/blog/zepbound-kwikpen-goodrx-self-pay-2026,0.0,3.0,0.00%,7.0
https://www.bionixus.com/insights/top-financial-services-market-research-companies-egypt-2026,0.0,3.0,0.00%,7.0
https://www.bionixus.com/market-reports/south-korea-oncology-market-report,0.0,3.0,0.00%,7.0
https://careers.bionixus.com/applications/072a2ec9-7039-4e96-b58b-b0fe33f67db0?lang=EN,0.0,3.0,0.00%,7.33
https://www.bionixus.com/insights/top-energy-market-research-companies-oman-2026,0.0,3.0,0.00%,7.33
https://www.bionixus.com/market-reports/egypt-dermatology-market-report,0.0,3.0,0.00%,7.33
https://www.bionixus.com/insights/top-hospitality-market-research-companies-kuwait-2026,0.0,3.0,0.00%,7.67
https://www.bionixus.com/blog/healthcare-overview-china-market-2026,0.0,3.0,0.00%,8.0
https://www.bionixus.com/pharma-healthcare-industries,0.0,3.0,0.00%,8.0
https://www.bionixus.com/south-korea-medtech-market-research,0.0,3.0,0.00%,8.0
https://www.bionixus.com/bionixus-industries/insights/online-market-research-social-listening-brand-growth-2026,0.0,3.0,0.00%,8.33
https://www.bionixus.com/market-reports/oman-vaccines-market-report,0.0,3.0,0.00%,8.67
https://www.bionixus.com/market-reports/india-immunology-biologics-market-report,0.0,3.0,0.00%,9.33
https://www.bionixus.com/qatar-consumer-health-market-research,0.0,3.0,0.00%,9.33
https://www.bionixus.com/usa-medtech-market-research,0.0,3.0,0.00%,9.33
https://careers.bionixus.com/applications/084f22ad-0e47-4787-9ad1-6d7f3c1962bc?lang=EN,0.0,3.0,0.00%,9.67
https://www.bionixus.com/insights/top-medtech-market-research-companies-bahrain-2026,0.0,3.0,0.00%,10.0
https://www.bionixus.com/insights/top-consumer-health-market-research-companies-egypt-2026,0.0,3.0,0.00%,10.33
https://www.bionixus.com/market-reports/bahrain-diabetes-market-report,0.0,3.0,0.00%,10.33
https://www.bionixus.com/oman-telecom-market-research,0.0,3.0,0.00%,10.67
https://www.bionixus.com/insights/top-medtech-market-research-companies-south-korea-2026,0.0,3.0,0.00%,11.67
https://www.bionixus.com/blog/lifyorli-relacorilant-ovarian-cancer-fda-2026,0.0,3.0,0.00%,12.33
https://www.bionixus.com/pharmaceutical-market-research-spain,0.0,3.0,0.00%,13.33
https://www.bionixus.com/market-reports/germany-oncology-market-report,0.0,3.0,0.00%,13.67
https://www.bionixus.com/market-reports/country/south-korea,0.0,3.0,0.00%,14.0
https://www.bionixus.com/pharma-fieldwork-uae,0.0,3.0,0.00%,14.0
https://www.bionixus.com/insights/top-medtech-market-research-companies-egypt-2026,0.0,3.0,0.00%,16.0
https://www.bionixus.com/healthcare-market-research/europe,0.0,3.0,0.00%,16.33
https://www.bionixus.com/market-reports/uae-biosimilars-market-report,0.0,3.0,0.00%,16.67
https://www.bionixus.com/blog/patient-journey-mapping-saudi-arabia,0.0,3.0,0.00%,23.0
https://www.bionixus.com/market-research-egypt,0.0,3.0,0.00%,24.0
https://www.bionixus.com/api/og-card?path=/market-reports/brazil-diabetes-market-report,0.0,3.0,0.00%,25.0
https://www.bionixus.com/oman-medtech-market-research,0.0,3.0,0.00%,26.0
https://www.bionixus.com/healthcare-market-research/kenya,0.0,3.0,0.00%,28.0
https://www.bionixus.com/pharmaceutical-market-research-germany,0.0,3.0,0.00%,29.0
https://www.bionixus.com/blog/pharmaceutical-healthcare-market-research-gcc,0.0,3.0,0.00%,33.33
https://www.bionixus.com/canada-medtech-market-research,0.0,3.0,0.00%,33.67
https://www.bionixus.com/pharmaceutical-market-research-uk,0.0,3.0,0.00%,34.0
https://www.bionixus.com/api/og-card?path=/market-reports/germany-respiratory-market-report,0.0,3.0,0.00%,36.67
https://www.bionixus.com/healthcare-market-research-france,0.0,3.0,0.00%,38.0
https://www.bionixus.com/blog/maxdiff-vs-conjoint-analysis-medtech-pricing,0.0,3.0,0.00%,44.33
https://www.bionixus.com/api/og-card?path=/healthcare-market-research/south-africa,0.0,3.0,0.00%,63.33
https://www.bionixus.com/qatar-automotive-market-research,0.0,3.0,0.00%,69.33
https://www.bionixus.com/healthcare-market-research/therapy/neurology-cns,0.0,3.0,0.00%,71.0
https://www.bionixus.com/market-reports/country/oman,0.0,3.0,0.00%,74.67
https://www.bionixus.com/germany-medtech-market-research,0.0,3.0,0.00%,76.0
https://www.bionixus.com/market-reports/therapy/rare-diseases,0.0,3.0,0.00%,78.33
https://www.bionixus.com/api/og-card?path=/healthcare-market-research/uk,0.0,3.0,0.00%,94.0
https://www.bionixus.com/china-medical-devices-market-report,0.0,2.0,0.00%,1.0
https://www.bionixus.com/market-reports/imdylltra-tarlatamab-2026,0.0,2.0,0.00%,1.0
https://www.bionixus.com/market-reports/lynavoy-linerixibat-2026,0.0,2.0,0.00%,1.0
https://www.bionixus.com/ru/about,0.0,2.0,0.00%,1.5
https://www.bionixus.com/healthcare-market-research/tunisia,0.0,2.0,0.00%,2.0
https://www.bionixus.com/healthcare-market-research-usa,0.0,2.0,0.00%,2.5
https://www.bionixus.com/kuwait-hospitality-market-research,0.0,2.0,0.00%,2.5
https://www.bionixus.com/market-reports/kresladi-rocket-pharma-2026,0.0,2.0,0.00%,2.5
https://www.bionixus.com/market-reports/kuwait-biosimilars-market-report,0.0,2.0,0.00%,2.5
https://www.bionixus.com/market-reports/oman-rare-diseases-market-report,0.0,2.0,0.00%,2.5
https://www.bionixus.com/pt/pesquisa-mercado-saude-brasil,0.0,2.0,0.00%,2.5
https://www.bionixus.com/blog/gcc-clinical-trials-market-2026,0.0,2.0,0.00%,3.0
https://www.bionixus.com/market-reports/idvynso-doravirine-islatravir-2026,0.0,2.0,0.00%,3.5
https://www.bionixus.com/bionixus-industries/insights,0.0,2.0,0.00%,4.0
https://www.bionixus.com/blog/market-access-research-uae-2026,0.0,2.0,0.00%,4.0
https://www.bionixus.com/de,0.0,2.0,0.00%,4.0
https://www.bionixus.com/insights/top-financial-services-market-research-companies-uae-2026,0.0,2.0,0.00%,4.0
https://www.bionixus.com/insights/top-healthcare-market-research-companies-egypt-2026,0.0,2.0,0.00%,4.0
https://www.bionixus.com/insights/top-medtech-market-research-companies-oman-2026,0.0,2.0,0.00%,4.0
https://www.bionixus.com/market-reports/oman-respiratory-market-report,0.0,2.0,0.00%,4.0
https://www.bionixus.com/insights/top-healthcare-market-research-companies-oman-2026,0.0,2.0,0.00%,4.5
https://www.bionixus.com/insights/top-media-market-research-companies-bahrain-2026,0.0,2.0,0.00%,4.5
https://www.bionixus.com/insights/top-biotech-market-research-companies-bahrain-2026,0.0,2.0,0.00%,5.0
https://www.bionixus.com/bahrain-healthcare-market-research,0.0,2.0,0.00%,5.5
https://www.bionixus.com/insights/top-medtech-market-research-companies-saudi-arabia-2026,0.0,2.0,0.00%,5.5
https://www.bionixus.com/market-reports/qatar-neurology-cns-market-report,0.0,2.0,0.00%,5.5
https://www.bionixus.com/market-reports/qatar-rare-diseases-market-report,0.0,2.0,0.00%,5.5
https://www.bionixus.com/market-reports/saudi-arabia-neurology-cns-market-report,0.0,2.0,0.00%,5.5
https://www.bionixus.com/healthcare-market-research-argentina,0.0,2.0,0.00%,6.0
https://www.bionixus.com/kuwait-education-market-research,0.0,2.0,0.00%,6.0
https://www.bionixus.com/market-reports/oman-diabetes-market-report,0.0,2.0,0.00%,6.0
https://www.bionixus.com/market-reports/uae-vaccines-market-report,0.0,2.0,0.00%,6.0
https://www.bionixus.com/pt/blog,0.0,2.0,0.00%,6.0
https://www.bionixus.com/blog/top-healthcare-market-research-firms-saudi-arabia,0.0,2.0,0.00%,6.5
https://www.bionixus.com/diabetes-market-research-uae,0.0,2.0,0.00%,6.5
https://www.bionixus.com/oman-hospitality-market-research,0.0,2.0,0.00%,6.5
https://careers.bionixus.com/applications/f8f33909-ee0b-4513-96af-234423b7df21?lang=EN,0.0,2.0,0.00%,7.0
https://www.bionixus.com/healthcare-market-research/therapy/cardiology,0.0,2.0,0.00%,7.0
https://www.bionixus.com/market-reports/redemplo-plozasiran-2026,0.0,2.0,0.00%,7.0
https://www.bionixus.com/uae-medtech-market-research,0.0,2.0,0.00%,7.0
https://www.bionixus.com/egypt-financial-services-market-research,0.0,2.0,0.00%,7.5
https://www.bionixus.com/insights/top-real-estate-market-research-companies-oman-2026,0.0,2.0,0.00%,7.5
https://www.bionixus.com/market-reports/oman-dermatology-market-report,0.0,2.0,0.00%,7.5
https://www.bionixus.com/nf1-pharma-market-research,0.0,2.0,0.00%,7.5
https://www.bionixus.com/kuwait-fmcg-market-research,0.0,2.0,0.00%,8.0
https://www.bionixus.com/kuwait-market-access-research,0.0,2.0,0.00%,8.0
https://www.bionixus.com/market-reports/hepcludex-bulevirtide-2026,0.0,2.0,0.00%,8.0
https://www.bionixus.com/market-reports/oman-neurology-cns-market-report,0.0,2.0,0.00%,8.0
https://www.bionixus.com/bahrain-medtech-market-research,0.0,2.0,0.00%,8.5
https://www.bionixus.com/global-websites/jordan,0.0,2.0,0.00%,8.5
https://www.bionixus.com/insights/top-biotech-market-research-companies-kuwait-2026,0.0,2.0,0.00%,8.5
https://www.bionixus.com/oman-education-market-research,0.0,2.0,0.00%,8.5
https://www.bionixus.com/insights/top-retail-market-research-companies-qatar-2026,0.0,2.0,0.00%,9.0
https://www.bionixus.com/market-reports/zepzelca-lurbinectedin-sclc-2026,0.0,2.0,0.00%,9.0
https://www.bionixus.com/blog/imdylltra-tarlatamab-sclc-ema-chmp-2026,0.0,2.0,0.00%,9.5
https://www.bionixus.com/egypt-biotech-market-research,0.0,2.0,0.00%,9.5
https://www.bionixus.com/insights/top-real-estate-market-research-companies-kuwait-2026,0.0,2.0,0.00%,9.5
https://www.bionixus.com/market-reports/itvisma-onasemnogene-sma-2026,0.0,2.0,0.00%,9.5
https://www.bionixus.com/market-reports/uae-dermatology-market-report,0.0,2.0,0.00%,9.5
https://www.bionixus.com/pharma-insights-germany,0.0,2.0,0.00%,9.5
https://www.bionixus.com/insights/top-retail-market-research-companies-saudi-arabia-2026,0.0,2.0,0.00%,10.0
https://www.bionixus.com/insights/top-technology-market-research-companies-saudi-arabia-2026,0.0,2.0,0.00%,10.0
https://www.bionixus.com/market-reports/kuwait-immunology-biologics-market-report,0.0,2.0,0.00%,10.0
https://www.bionixus.com/insights/top-retail-market-research-companies-bahrain-2026,0.0,2.0,0.00%,10.5
https://www.bionixus.com/market-reports/uk-diabetes-market-report,0.0,2.0,0.00%,11.0
https://www.bionixus.com/qatar-energy-market-research,0.0,2.0,0.00%,11.0
https://www.bionixus.com/market-reports/south-korea-diabetes-market-report,0.0,2.0,0.00%,12.5
https://www.bionixus.com/api/og-card?path=/global-websites/algeria,0.0,2.0,0.00%,14.0
https://www.bionixus.com/news,0.0,2.0,0.00%,14.0
https://www.bionixus.com/qatar-real-estate-market-research,0.0,2.0,0.00%,15.0
https://www.bionixus.com/pharmaceutical-market-research-italy,0.0,2.0,0.00%,18.5
https://www.bionixus.com/pharmaceutical-market-research-india,0.0,2.0,0.00%,19.5
https://www.bionixus.com/blog/ema-hta-evidence-requirements-europe-2026,0.0,2.0,0.00%,20.5
https://www.bionixus.com/market-reports/japan-diabetes-market-report,0.0,2.0,0.00%,22.0
https://www.bionixus.com/insights/top-biotech-market-research-companies-uae-2026,0.0,2.0,0.00%,25.0
https://www.bionixus.com/api/og-card?path=/healthcare-market-research/nigeria,0.0,2.0,0.00%,25.5
https://www.bionixus.com/healthcare-market-research/therapy/dermatology,0.0,2.0,0.00%,29.0
https://www.bionixus.com/home-staging,0.0,2.0,0.00%,29.5
https://www.bionixus.com/fr,0.0,2.0,0.00%,30.5
https://www.bionixus.com/qatar-media-market-research,0.0,2.0,0.00%,30.5
https://www.bionixus.com/pharmaceutical-market-research-poland,0.0,2.0,0.00%,35.5
https://www.bionixus.com/healthcare-market-research-canada,0.0,2.0,0.00%,36.0
https://www.bionixus.com/healthcare-market-research-poland,0.0,2.0,0.00%,39.5
https://www.bionixus.com/insights/top-consumer-health-market-research-companies-bahrain-2026,0.0,2.0,0.00%,40.0
https://www.bionixus.com/healthcare-market-research/mexico,0.0,2.0,0.00%,42.5
https://www.bionixus.com/healthcare-market-research/japan,0.0,2.0,0.00%,46.0
https://www.bionixus.com/healthcare-market-research/morocco,0.0,2.0,0.00%,46.5
https://www.bionixus.com/consumer-market-research,0.0,2.0,0.00%,54.5
https://www.bionixus.com/global-websites/switzerland,0.0,2.0,0.00%,57.5
https://www.bionixus.com/healthcare-market-research/therapy/digital-health,0.0,2.0,0.00%,57.5
https://www.bionixus.com/market-reports/country/india,0.0,2.0,0.00%,57.5
https://www.bionixus.com/api/og-card?path=/pharmaceutical-companies-kuwait,0.0,2.0,0.00%,58.0
https://www.bionixus.com/api/og-card?path=/south-korea-healthcare-market-report,0.0,2.0,0.00%,71.0
https://www.bionixus.com/uae-telecom-market-research,0.0,2.0,0.00%,79.0
https://www.bionixus.com/api/og-card?path=/market-reports/oman-rare-diseases-market-report,0.0,2.0,0.00%,80.0
https://www.bionixus.com/api/og-card?path=/market-reports/qatar-rare-diseases-market-report,0.0,2.0,0.00%,87.0
https://www.bionixus.com/healthcare-market-research-india,0.0,2.0,0.00%,88.0
https://www.bionixus.com/market-reports/country/qatar,0.0,2.0,0.00%,88.5
https://www.bionixus.com/blog/regional-crisis-impact-middle-east-economies-healthcare-2026,0.0,2.0,0.00%,89.0
https://www.bionixus.com/ar/blog/saudi-healthcare-market-research-guide-ar-2026,0.0,2.0,0.00%,96.5
https://www.bionixus.com/healthcare-market-research/united-arab-emirates,0.0,2.0,0.00%,97.5
https://www.bionixus.com/ar/contacts,0.0,1.0,0.00%,1.0
https://www.bionixus.com/blog/pesquisa-mercado-farmaceutico-brasil-2026,0.0,1.0,0.00%,1.0
https://www.bionixus.com/de/blog/pharmamarktforschung-deutschland-2026,0.0,1.0,0.00%,1.0
https://www.bionixus.com/insights/top-automotive-market-research-companies-saudi-arabia-2026,0.0,1.0,0.00%,1.0
https://www.bionixus.com/insights/top-financial-services-market-research-companies-oman-2026,0.0,1.0,0.00%,1.0
https://www.bionixus.com/insights/top-medtech-market-research-companies-uk-2026,0.0,1.0,0.00%,1.0
https://www.bionixus.com/insights/top-telecom-market-research-companies-oman-2026,0.0,1.0,0.00%,1.0
https://www.bionixus.com/market-reports/saudi-arabia-rare-diseases-market-report,0.0,1.0,0.00%,1.0
https://www.bionixus.com/market-reports/therapy/dermatology,0.0,1.0,0.00%,1.0
https://www.bionixus.com/api/og-card?path=/healthcare-market-research/switzerland,0.0,1.0,0.00%,2.0
https://www.bionixus.com/blog/pharmaceutical-market-research-china-2026,0.0,1.0,0.00%,2.0
https://www.bionixus.com/egypt-education-market-research,0.0,1.0,0.00%,2.0
https://www.bionixus.com/france-healthcare-market-report,0.0,1.0,0.00%,2.0
https://www.bionixus.com/global-websites/iraq,0.0,1.0,0.00%,2.0
https://www.bionixus.com/insights/best-rare-disease-market-research-companies-2026,0.0,1.0,0.00%,2.0
https://www.bionixus.com/market-reports/decnupaz-pivekimab-sunirine-2026,0.0,1.0,0.00%,2.0
https://www.bionixus.com/real-world-evidence-gcc,0.0,1.0,0.00%,2.0
https://www.bionixus.com/saudi-arabia-medtech-market-research,0.0,1.0,0.00%,2.0
https://www.bionixus.com/specialist-physician-panel-uae,0.0,1.0,0.00%,2.0
https://www.bionixus.com/blog/healthcare-market-research-methodologies-gcc,0.0,1.0,0.00%,3.0
https://www.bionixus.com/blog/sfda-approval-qfitlia-saudi-arabia-pharmaceutical-market,0.0,1.0,0.00%,3.0
https://www.bionixus.com/blog/vasa-lilly-tunelab-camkii-cardiovascular-ai-2026,0.0,1.0,0.00%,3.0
https://www.bionixus.com/global-websites/algeria,0.0,1.0,0.00%,3.0
https://www.bionixus.com/healthcare-market-research/egypt,0.0,1.0,0.00%,3.0
https://www.bionixus.com/insights/top-media-market-research-companies-kuwait-2026,0.0,1.0,0.00%,3.0
https://www.bionixus.com/kuwait-consumer-health-market-research,0.0,1.0,0.00%,3.0
https://www.bionixus.com/market-reports/bahrain-neurology-cns-market-report,0.0,1.0,0.00%,3.0
https://www.bionixus.com/market-reports/egypt-biosimilars-market-report,0.0,1.0,0.00%,3.0
https://www.bionixus.com/market-reports/egypt-diabetes-market-report,0.0,1.0,0.00%,3.0
https://www.bionixus.com/market-reports/gcc-dermatology-market-report,0.0,1.0,0.00%,3.0
https://www.bionixus.com/market-reports/india-cardiovascular-market-report,0.0,1.0,0.00%,3.0
https://www.bionixus.com/market-reports/tecartus-brexucabtagene-mcl-2026,0.0,1.0,0.00%,3.0
https://www.bionixus.com/market-reports/vasa-lilly-ai-cardio-2026,0.0,1.0,0.00%,3.0
https://www.bionixus.com/real-world-evidence-saudi-arabia,0.0,1.0,0.00%,3.0
https://www.bionixus.com/de/blog/gesundheitsmarkt-deutschland-2026,0.0,1.0,0.00%,4.0
https://www.bionixus.com/gcc-pharma-market-report-2026,0.0,1.0,0.00%,4.0
https://www.bionixus.com/insights/top-retail-market-research-companies-uae-2026,0.0,1.0,0.00%,4.0
https://www.bionixus.com/market-reports/oman-cardiovascular-market-report,0.0,1.0,0.00%,4.0
https://www.bionixus.com/market-reports/qatar-respiratory-market-report,0.0,1.0,0.00%,4.0
https://www.bionixus.com/market-reports/saudi-arabia-dermatology-market-report,0.0,1.0,0.00%,4.0
https://www.bionixus.com/market-reports/uk-cardiovascular-market-report,0.0,1.0,0.00%,4.0
https://www.bionixus.com/market-reports/usa-oncology-market-report,0.0,1.0,0.00%,4.0
https://www.bionixus.com/terms,0.0,1.0,0.00%,4.0
https://www.bionixus.com/insights/top-real-estate-market-research-companies-qatar-2026,0.0,1.0,0.00%,5.0
https://www.bionixus.com/market-reports/country/kuwait,0.0,1.0,0.00%,5.0
https://www.bionixus.com/market-reports/egypt-rare-diseases-market-report,0.0,1.0,0.00%,5.0
https://www.bionixus.com/market-reports/saudi-arabia-immunology-biologics-market-report,0.0,1.0,0.00%,5.0
https://www.bionixus.com/market-reports/south-korea-cardiovascular-market-report,0.0,1.0,0.00%,5.0
https://www.bionixus.com/market-reports/zepbound-kwikpen-goodrx-2026,0.0,1.0,0.00%,5.0
https://www.bionixus.com/pharmaceutical-market-research-argentina,0.0,1.0,0.00%,5.0
https://www.bionixus.com/ru/bionixus-industries,0.0,1.0,0.00%,5.0
https://www.bionixus.com/api/og-card?path=/zh/contact,0.0,1.0,0.00%,6.0
https://www.bionixus.com/blog/pharma-market-entry-saudi-arabia-playbook,0.0,1.0,0.00%,6.0
https://www.bionixus.com/egypt-telecom-market-research,0.0,1.0,0.00%,6.0
https://www.bionixus.com/healthcare-market-research/brazil,0.0,1.0,0.00%,6.0
https://www.bionixus.com/insights/top-medtech-market-research-companies-poland-2026,0.0,1.0,0.00%,6.0
https://www.bionixus.com/market-reports/egypt-vaccines-market-report,0.0,1.0,0.00%,6.0
https://www.bionixus.com/market-reports/flovent-hfa-generic-2026,0.0,1.0,0.00%,6.0
https://www.bionixus.com/market-reports/uae-oncology-market-report,0.0,1.0,0.00%,6.0
https://www.bionixus.com/pharmaceutical-market-research-denmark,0.0,1.0,0.00%,6.0
https://www.bionixus.com/uae-healthcare-market-report,0.0,1.0,0.00%,6.0
https://www.bionixus.com/uae-market-access-research,0.0,1.0,0.00%,6.0
https://www.bionixus.com/global-websites/denmark,0.0,1.0,0.00%,7.0
https://www.bionixus.com/healthcare-market-research/canada,0.0,1.0,0.00%,7.0
https://www.bionixus.com/healthcare-market-research/services/kol-mapping,0.0,1.0,0.00%,7.0
https://www.bionixus.com/insights/top-automotive-market-research-companies-uae-2026,0.0,1.0,0.00%,7.0
https://www.bionixus.com/insights/top-hospitality-market-research-companies-bahrain-2026,0.0,1.0,0.00%,7.0
https://www.bionixus.com/kuwait-energy-market-research,0.0,1.0,0.00%,7.0
https://www.bionixus.com/kuwait-public-sector-market-research,0.0,1.0,0.00%,7.0
https://www.bionixus.com/market-reports/egypt-cardiovascular-market-report,0.0,1.0,0.00%,7.0
https://www.bionixus.com/oman-energy-market-research,0.0,1.0,0.00%,7.0
https://www.bionixus.com/qatar-technology-market-research,0.0,1.0,0.00%,7.0
https://www.bionixus.com/api/og-card?path=/global-websites/united-states,0.0,1.0,0.00%,8.0
https://www.bionixus.com/blog/nice-hta-evidence-requirements-guide,0.0,1.0,0.00%,8.0
https://www.bionixus.com/blog/saudi-arabia-healthcare-market-2026,0.0,1.0,0.00%,8.0
https://www.bionixus.com/global-websites/turkey,0.0,1.0,0.00%,8.0
https://www.bionixus.com/healthcare-market-research-netherlands,0.0,1.0,0.00%,8.0
https://www.bionixus.com/healthcare-market-research/libya,0.0,1.0,0.00%,8.0
https://www.bionixus.com/heor-consulting-saudi-arabia,0.0,1.0,0.00%,8.0
https://www.bionixus.com/insights/top-telecom-market-research-companies-qatar-2026,0.0,1.0,0.00%,8.0
https://www.bionixus.com/insights/top-telecom-market-research-companies-saudi-arabia-2026,0.0,1.0,0.00%,8.0
https://www.bionixus.com/market-reports/kuwait-rare-diseases-market-report,0.0,1.0,0.00%,8.0
https://www.bionixus.com/market-reports/oman-immunology-biologics-market-report,0.0,1.0,0.00%,8.0
https://www.bionixus.com/market-reports/uae-immunology-biologics-market-report,0.0,1.0,0.00%,8.0
https://www.bionixus.com/market-research-kuwait,0.0,1.0,0.00%,8.0
https://www.bionixus.com/oman-public-sector-market-research,0.0,1.0,0.00%,8.0
https://www.bionixus.com/blog/kol-mapping-pharma-middle-east,0.0,1.0,0.00%,9.0
https://www.bionixus.com/blog/zepzelca-lurbinectedin-sclc-ema-chmp-2026,0.0,1.0,0.00%,9.0
https://www.bionixus.com/fr/blog,0.0,1.0,0.00%,9.0
https://www.bionixus.com/insights/top-consumer-health-market-research-companies-qatar-2026,0.0,1.0,0.00%,9.0
https://www.bionixus.com/insights/top-media-market-research-companies-egypt-2026,0.0,1.0,0.00%,9.0
https://www.bionixus.com/insights/top-public-sector-market-research-companies-kuwait-2026,0.0,1.0,0.00%,9.0
https://www.bionixus.com/kantar-health-alternative-gcc,0.0,1.0,0.00%,9.0
https://www.bionixus.com/market-reports/kuwait-respiratory-market-report,0.0,1.0,0.00%,9.0
https://www.bionixus.com/market-reports/kuwait-vaccines-market-report,0.0,1.0,0.00%,9.0
https://www.bionixus.com/pharma-insights-egypt,0.0,1.0,0.00%,9.0
https://www.bionixus.com/saudi-arabia-public-sector-market-research,0.0,1.0,0.00%,9.0
https://careers.bionixus.com/applications/5d2476af-cece-4631-af05-b5b5e253393b?lang=EN,0.0,1.0,0.00%,10.0
https://www.bionixus.com/bahrain-real-estate-market-research,0.0,1.0,0.00%,10.0
https://www.bionixus.com/blog/idvynso-doravirine-islatravir-hiv-fda-2026,0.0,1.0,0.00%,10.0
https://www.bionixus.com/blog/pharmacies-saudi-arabia-market-research-marketing-automation,0.0,1.0,0.00%,10.0
https://www.bionixus.com/insights/top-energy-market-research-companies-uae-2026,0.0,1.0,0.00%,10.0
https://www.bionixus.com/insights/top-healthcare-market-research-companies-qatar-2026,0.0,1.0,0.00%,10.0
https://www.bionixus.com/insights/top-market-research-companies-ireland-2026,0.0,1.0,0.00%,10.0
https://www.bionixus.com/insights/top-telecom-market-research-companies-egypt-2026,0.0,1.0,0.00%,10.0
https://www.bionixus.com/kuwait-biotech-market-research,0.0,1.0,0.00%,10.0
https://www.bionixus.com/kuwait-media-market-research,0.0,1.0,0.00%,10.0
https://www.bionixus.com/market-reports/japan-oncology-market-report,0.0,1.0,0.00%,10.0
https://www.bionixus.com/pharmaceutical-market-research-oman,0.0,1.0,0.00%,10.0
https://www.bionixus.com/qatar-hospitality-market-research,0.0,1.0,0.00%,10.0
https://www.bionixus.com/ru/blog,0.0,1.0,0.00%,10.0
https://www.bionixus.com/saudi-arabia-consumer-health-market-research,0.0,1.0,0.00%,10.0
https://www.bionixus.com/bahrain-technology-market-research,0.0,1.0,0.00%,11.0
https://www.bionixus.com/egypt-technology-market-research,0.0,1.0,0.00%,11.0
https://www.bionixus.com/insights/top-market-research-companies-new-zealand-2026,0.0,1.0,0.00%,11.0
https://www.bionixus.com/market-reports/kuwait-neurology-cns-market-report,0.0,1.0,0.00%,11.0
https://www.bionixus.com/market-reports/therapy/diabetes-metabolic,0.0,1.0,0.00%,11.0
https://www.bionixus.com/italy-medtech-market-research,0.0,1.0,0.00%,13.0
https://www.bionixus.com/pharmaceutical-market-research-turkey,0.0,1.0,0.00%,13.0
https://www.bionixus.com/qatar-public-sector-market-research,0.0,1.0,0.00%,17.0
https://www.bionixus.com/market-reports/brazil-diabetes-market-report,0.0,1.0,0.00%,18.0
https://www.bionixus.com/patient-journey-research-gcc,0.0,1.0,0.00%,20.0
https://www.bionixus.com/pharmaceutical-market-research-ireland,0.0,1.0,0.00%,20.0
https://www.bionixus.com/market-research/public-sector,0.0,1.0,0.00%,21.0
https://www.bionixus.com/saudi-arabia,0.0,1.0,0.00%,21.0
https://www.bionixus.com/blog/ai-vs-human-insight-validating-quantitative-data-2026-pharma-research,0.0,1.0,0.00%,24.0
https://www.bionixus.com/insights/top-public-sector-market-research-companies-egypt-2026,0.0,1.0,0.00%,24.0
https://www.bionixus.com/healthcare-market-research-italy,0.0,1.0,0.00%,25.0
https://www.bionixus.com/market-reports/qatar-oncology-market-report,0.0,1.0,0.00%,26.0
https://www.bionixus.com/insights/top-education-market-research-companies-kuwait-2026,0.0,1.0,0.00%,27.0
https://www.bionixus.com/market-reports/country/uae,0.0,1.0,0.00%,29.0
https://www.bionixus.com/market-reports/brazil-oncology-market-report,0.0,1.0,0.00%,30.0
https://www.bionixus.com/healthcare-market-research/denmark,0.0,1.0,0.00%,34.0
https://www.bionixus.com/insights/top-automotive-market-research-companies-kuwait-2026,0.0,1.0,0.00%,34.0
https://www.bionixus.com/api/og-card?path=/market-reports/brazil-oncology-market-report,0.0,1.0,0.00%,38.0
https://www.bionixus.com/pharmaceutical-therapy-areas,0.0,1.0,0.00%,43.0
https://www.bionixus.com/api/og-card?path=/market-reports/uk-respiratory-market-report,0.0,1.0,0.00%,46.0
https://www.bionixus.com/api/og-card?path=/healthcare-market-research/therapy/aesthetic-medicine,0.0,1.0,0.00%,48.0
https://www.bionixus.com/methodology,0.0,1.0,0.00%,50.0
https://www.bionixus.com/market-reports/therapy/oncology,0.0,1.0,0.00%,58.0
https://www.bionixus.com/real-world-evidence-spain,0.0,1.0,0.00%,64.0
https://www.bionixus.com/pharma-insights-kuwait,0.0,1.0,0.00%,65.0
https://www.bionixus.com/api/og-card?path=/healthcare-market-research/japan,0.0,1.0,0.00%,67.0
https://www.bionixus.com/healthcare-market-research/switzerland,0.0,1.0,0.00%,71.0
https://www.bionixus.com/market-reports/qatar-immunology-biologics-market-report,0.0,1.0,0.00%,77.0
https://www.bionixus.com/kuwait-medtech-market-research,0.0,1.0,0.00%,78.0
https://www.bionixus.com/insights,0.0,1.0,0.00%,82.0
https://www.bionixus.com/api/og-card?path=/ar/market-research-egypt,0.0,1.0,0.00%,85.0
https://www.bionixus.com/api/og-card?path=/india-medical-devices-market-report,0.0,1.0,0.00%,87.0
https://www.bionixus.com/api/og-card?path=/pharmaceutical-companies-oman,0.0,1.0,0.00%,90.0
https://www.bionixus.com/api/og-card?path=/healthcare-market-research/therapy/oncology,0.0,1.0,0.00%,91.0
https://www.bionixus.com/egypt-pharmaceutical-market-research,0.0,1.0,0.00%,96.0
https://www.bionixus.com/uae-healthcare-market-research,0.0,1.0,0.00%,99.0
