Date,Clicks,Impressions,CTR,Position
2026-08-29,15,4060,0.37%,37.9
2026-08-30,26,4431,0.59%,34.1
2026-08-31,36,5642,0.64%,34.9
2026-09-01,42,5259,0.8%,31.5
2026-09-02,32,3992,0.8%,26.1
2026-09-03,37,4142,0.89%,29.3
2026-09-04,38,3304,1.15%,25.3
2026-09-05,33,3210,1.03%,21.8
2026-09-06,51,4043,1.26%,26.1
2026-09-07,49,4082,1.2%,20.2
2026-09-08,55,5213,1.06%,19.3
2026-09-09,90,6601,1.36%,15.7
2026-09-10,80,6570,1.22%,13.3
2026-09-11,51,6483,0.79%,17.1
2026-09-12,57,5448,1.05%,18.7
2026-09-13,53,6600,0.8%,19.4
2026-09-14,75,7928,0.95%,19.5
2026-09-15,76,7758,0.98%,18.7
2026-09-16,66,5813,1.14%,17.1
2026-09-17,72,5084,1.42%,13.2
2026-09-18,48,3806,1.26%,13.7
2026-09-19,52,3509,1.48%,12.8
2026-09-20,44,3982,1.1%,15.4
2026-09-21,68,4232,1.61%,13.6
2026-09-22,62,4175,1.49%,15.9
2026-09-23,45,3738,1.2%,12.3
2026-09-24,76,3325,2.29%,12.2
2026-09-25,39,2710,1.44%,10.5
2026-09-26,38,2442,1.56%,11.8
2026-09-27,40,2667,1.5%,11.5
2026-09-28,52,3173,1.64%,11.3
2026-09-29,54,3297,1.64%,12.5