Country,Clicks,Impressions,CTR,Position
Egypt,303,7957,3.81%,6.37
India,214,16803,1.27%,31.96
United Arab Emirates,150,8872,1.69%,10.94
Saudi Arabia,117,9451,1.24%,21.32
United States,63,51231,0.12%,23.15
Pakistan,48,2675,1.79%,6.85
United Kingdom,47,9564,0.49%,22.07
Kenya,43,1075,4%,5.01
Indonesia,40,1376,2.91%,9.74
Lebanon,40,1016,3.94%,6.02
Kuwait,39,1709,2.28%,6.91
Germany,32,3477,0.92%,23.51
Oman,32,1320,2.42%,6.75
Australia,28,1114,2.51%,22.22
Turkey,26,743,3.5%,10.27
Singapore,24,2434,0.99%,32.05
Qatar,24,1318,1.82%,9.66
Bahrain,23,805,2.86%,6.99
Iraq,16,866,1.85%,6.68
Canada,15,1282,1.17%,11.23
France,14,1025,1.37%,14.71
Nigeria,14,612,2.29%,8.28
Argentina,14,465,3.01%,7.79
Iran,14,148,9.46%,5.82
Malaysia,13,498,2.61%,13.95
Afghanistan,13,90,14.44%,4.56
China,11,986,1.12%,6.92
Spain,11,846,1.3%,18.87
Morocco,11,556,1.98%,9.85
Jordan,11,357,3.08%,10.64
Italy,10,1025,0.98%,7.76
South Africa,10,201,4.98%,10.9
Brazil,9,1688,0.53%,20.09
Netherlands,9,1325,0.68%,8.3
Bangladesh,8,487,1.64%,15.76
Yemen,7,168,4.17%,6.62
Uganda,7,68,10.29%,5.68
Switzerland,6,768,0.78%,14.7
Japan,6,528,1.14%,13.97
Hong Kong,6,515,1.17%,9.93
Algeria,6,144,4.17%,15.62
Sri Lanka,6,93,6.45%,6.23
Russia,5,426,1.17%,13.98
Greece,5,128,3.91%,7.64
Belgium,4,417,0.96%,14.85
Poland,4,368,1.09%,10.49
Sweden,4,284,1.41%,16.21
Ukraine,4,241,1.66%,19.67
Colombia,4,218,1.83%,9.44
Tunisia,4,165,2.42%,5.83
New Zealand,4,72,5.56%,9.51
Hungary,4,64,6.25%,6.88
Philippines,3,561,0.53%,21.07
Mexico,3,428,0.7%,18.81
Denmark,3,280,1.07%,26.39
Taiwan,3,183,1.64%,6.77
Portugal,3,132,2.27%,7.74
Israel,3,126,2.38%,11.61
Ghana,3,68,4.41%,5.12
Ethiopia,3,65,4.62%,7.02
Zimbabwe,3,39,7.69%,5.36
Mauritania,3,15,20%,2.93
Thailand,2,279,0.72%,19.67
Ireland,2,240,0.83%,8.9
Romania,2,122,1.64%,6.46
Czechia,2,73,2.74%,23.48
Norway,2,67,2.99%,10.85
Sudan,2,45,4.44%,6.93
Tanzania,2,43,4.65%,6.7
South Sudan,2,17,11.76%,4.59
South Korea,1,680,0.15%,29.08
Peru,1,149,0.67%,7.66
Austria,1,142,0.7%,12.46
Azerbaijan,1,122,0.82%,7.74
Finland,1,84,1.19%,19.94
Nepal,1,82,1.22%,8.07
Chile,1,69,1.45%,9.45
Kazakhstan,1,64,1.56%,5.59
Belarus,1,41,2.44%,8.32
Uzbekistan,1,41,2.44%,8.37
Croatia,1,39,2.56%,7.87
Somalia,1,35,2.86%,3.49
Georgia,1,26,3.85%,7.77
Rwanda,1,25,4%,6.96
Côte d’Ivoire,1,20,5%,8.3
Mauritius,1,19,5.26%,3.37
Cameroon,1,17,5.88%,4.24
Slovenia,1,17,5.88%,8.18
Moldova,1,14,7.14%,15.07
Lesotho,1,13,7.69%,4.69
Namibia,1,8,12.5%,12.38
Nicaragua,1,6,16.67%,2.83
Madagascar,1,6,16.67%,7.33
Andorra,1,2,50%,5
Vietnam,0,598,0%,26.53
Lithuania,0,206,0%,6.23
Syria,0,88,0%,6.08
Libya,0,79,0%,5.42
Bulgaria,0,66,0%,16.86
Venezuela,0,64,0%,13.67
Dominican Republic,0,61,0%,12.85
Albania,0,56,0%,15.07
Cyprus,0,50,0%,9.94
Myanmar (Burma),0,48,0%,8.92
Cambodia,0,46,0%,10.85
Ecuador,0,44,0%,13.75
Serbia,0,41,0%,6.34
Palestine,0,35,0%,10.77
Armenia,0,32,0%,10.31
Senegal,0,27,0%,8.04
Slovakia,0,27,0%,8.52
Latvia,0,21,0%,8.57
Bolivia,0,21,0%,12.9
Bosnia & Herzegovina,0,20,0%,11.95
Costa Rica,0,20,0%,16
Guatemala,0,19,0%,14.84
Laos,0,18,0%,5.06
Macedonia,0,18,0%,8.89
Brunei,0,17,0%,6.82
Estonia,0,17,0%,7.35
Burkina Faso,0,17,0%,35.35
Trinidad & Tobago,0,16,0%,6
Angola,0,16,0%,7.94
Paraguay,0,16,0%,16.38
Iceland,0,15,0%,5.2
Luxembourg,0,15,0%,8.8
Panama,0,14,0%,5.21
Botswana,0,13,0%,9.46
Zambia,0,12,0%,5.92
Togo,0,12,0%,8.08
Honduras,0,12,0%,18.92
Malta,0,11,0%,6.82
Malawi,0,11,0%,11.73
Mongolia,0,11,0%,11.91
Kyrgyzstan,0,11,0%,12
Uruguay,0,11,0%,14.18
Jamaica,0,10,0%,8
Mali,0,9,0%,4.33
Isle of Man,0,9,0%,6.33
Gambia,0,8,0%,5.75
Maldives,0,8,0%,6.38
El Salvador,0,8,0%,11.88
Tajikistan,0,7,0%,4.29
Guinea,0,7,0%,5.57
Kosovo,0,7,0%,5.57
Puerto Rico,0,6,0%,2.83
Djibouti,0,6,0%,5
Congo - Kinshasa,0,6,0%,6.5
Montenegro,0,6,0%,11
Benin,0,5,0%,5.8
Chad,0,5,0%,6.2
Liberia,0,5,0%,7
Réunion,0,5,0%,7
Gabon,0,5,0%,31.4
San Marino,0,4,0%,4.25
Haiti,0,4,0%,7.5
Belize,0,4,0%,8.5
Guyana,0,4,0%,32.25
Fiji,0,3,0%,2.67
Curaçao,0,3,0%,3.67
Macau,0,3,0%,7.33
Cuba,0,3,0%,8.67
Western Sahara,0,2,0%,1
Liechtenstein,0,2,0%,2
Cape Verde,0,2,0%,4.5
Monaco,0,2,0%,4.5
Timor-Leste,0,2,0%,7
Swaziland,0,2,0%,8.5
Barbados,0,2,0%,9.5
Bahamas,0,2,0%,10
Guam,0,2,0%,12
Guadeloupe,0,2,0%,16
Niger,0,2,0%,25.5
Kiribati,0,2,0%,30
Antigua & Barbuda,0,2,0%,32
Bermuda,0,2,0%,35
Antarctica,0,1,0%,1
Congo - Brazzaville,0,1,0%,1
New Caledonia,0,1,0%,3
Grenada,0,1,0%,5
Papua New Guinea,0,1,0%,5
Sierra Leone,0,1,0%,5
Sint Maarten,0,1,0%,5
French Guiana,0,1,0%,6
Suriname,0,1,0%,6
São Tomé & Príncipe,0,1,0%,7
Greenland,0,1,0%,8
Seychelles,0,1,0%,9
Turkmenistan,0,1,0%,9
Burundi,0,1,0%,10
Central African Republic,0,1,0%,10
Guernsey,0,1,0%,10
St. Lucia,0,1,0%,10
Micronesia,0,1,0%,11
Unknown Region,0,1,0%,14
Faroe Islands,0,1,0%,31
American Samoa,0,1,0%,55