Top pages,Clicks,Impressions,CTR,Position
https://www.bionixus.com/pharmaceutical-companies-egypt,288,11821,2.44%,5.37
https://www.bionixus.com/pharmaceutical-companies-uae,117,7473,1.57%,8.54
https://www.bionixus.com/pharmaceutical-companies-kuwait,72,2317,3.11%,6.15
https://www.bionixus.com/,65,599,10.85%,13.96
https://www.bionixus.com/iqvia-alternative,50,3608,1.39%,5.46
https://www.bionixus.com/health-insurers-saudi-arabia,44,2186,2.01%,8.22
https://www.bionixus.com/fmcg-companies-kenya,41,1014,4.04%,5.04
https://www.bionixus.com/pharmaceutical-companies-indonesia,38,988,3.85%,5.13
https://www.bionixus.com/pharmaceutical-companies-saudi-arabia,35,2033,1.72%,11.31
https://www.bionixus.com/biotech-companies-india,33,1937,1.7%,10.85
https://www.bionixus.com/fmcg-companies-pakistan,33,1402,2.35%,5.29
https://www.bionixus.com/ar/pharmaceutical-companies-egypt,31,547,5.67%,7.76
https://www.bionixus.com/pharmaceutical-companies-iraq,23,1333,1.73%,6.54
https://www.bionixus.com/fmcg-companies-lebanon,23,703,3.27%,5.44
https://www.bionixus.com/food-beverage-companies-oman,22,450,4.89%,4.98
https://www.bionixus.com/pharmaceutical-companies-bahrain,20,782,2.56%,6.65
https://www.bionixus.com/ar/pharmaceutical-companies-kuwait,19,276,6.88%,7
https://www.bionixus.com/pharmaceutical-companies-oman,17,432,3.94%,7.45
https://www.bionixus.com/medical-device-companies-egypt,14,350,4%,6.75
https://www.bionixus.com/bionixus-market-research-middle-east,13,2180,0.6%,50.02
https://www.bionixus.com/medical-device-companies-iraq,13,735,1.77%,6.13
https://www.bionixus.com/medical-device-companies-oman,13,364,3.57%,6.68
https://www.bionixus.com/gcc-market-access-guide,12,4164,0.29%,22.19
https://www.bionixus.com/food-beverage-companies-saudi-arabia,12,623,1.93%,6.54
https://www.bionixus.com/construction-companies-saudi-arabia,12,536,2.24%,11.58
https://www.bionixus.com/china-medical-devices-market-report,11,9603,0.11%,26.59
https://www.bionixus.com/food-beverage-companies-egypt,11,454,2.42%,5.19
https://www.bionixus.com/automotive-distributors-egypt,10,348,2.87%,5.99
https://www.bionixus.com/fmcg-companies-turkey,10,269,3.72%,5.17
https://www.bionixus.com/real-estate-companies-egypt,9,837,1.08%,6.95
https://www.bionixus.com/nielsen-alternative,9,747,1.2%,6.67
https://www.bionixus.com/hospital-groups-saudi-arabia,9,269,3.35%,6.21
https://www.bionixus.com/logistics-companies-oman,9,246,3.66%,9.38
https://www.bionixus.com/medical-device-companies-south-korea,9,191,4.71%,6.72
https://careers.bionixus.com/,9,48,18.75%,7.96
https://www.bionixus.com/india-medical-devices-market-report,8,1143,0.7%,18.88
https://www.bionixus.com/cro-companies-turkey,8,233,3.43%,6.61
https://www.bionixus.com/singapore-healthcare-market-report,7,543,1.29%,15.35
https://www.bionixus.com/fmcg-companies-indonesia,7,324,2.16%,7.56
https://www.bionixus.com/canada-medical-devices-market-report,7,242,2.89%,16.14
https://www.bionixus.com/contact,7,223,3.14%,4.3
https://www.bionixus.com/es/insights/top-empresas-investigacion-mercado-salud-argentina-2026,7,125,5.6%,5.35
https://www.bionixus.com/healthcare-market-research,6,4561,0.13%,21.49
https://www.bionixus.com/healthcare-market-research/uae,6,617,0.97%,48.99
https://www.bionixus.com/singapore-medical-devices-market-report,6,614,0.98%,28.86
https://www.bionixus.com/blog/awiqli-insulin-icodec-weekly-fda-2026,6,562,1.07%,7.06
https://www.bionixus.com/insights/top-market-research-companies-egypt-2026,6,523,1.15%,9.09
https://www.bionixus.com/retail-companies-saudi-arabia,6,394,1.52%,5.98
https://www.bionixus.com/uae-pricing-reimbursement-strategy,6,210,2.86%,6.12
https://www.bionixus.com/egypt-healthcare-market-report,6,172,3.49%,11.12
https://www.bionixus.com/insights/top-healthcare-market-research-companies-lebanon-2026,6,166,3.61%,9.04
https://www.bionixus.com/blog/healthcare-overview-egypt-market-2026,5,7143,0.07%,2.84
https://www.bionixus.com/brazil-healthcare-market-report,5,1554,0.32%,54.29
https://www.bionixus.com/insights/top-healthcare-market-research-companies-belgium-2026,5,591,0.85%,10.32
https://www.bionixus.com/insights/top-market-research-companies-iraq-2026,5,292,1.71%,8.92
https://www.bionixus.com/logistics-companies-saudi-arabia,5,287,1.74%,17.02
https://www.bionixus.com/pharmaceutical-distributors-saudi-arabia,5,251,1.99%,8.82
https://www.bionixus.com/insights/top-healthcare-market-research-companies-europe-2026,5,188,2.66%,23.28
https://www.bionixus.com/blog/baxfendy-baxdrostat-hypertension-fda-2026,5,130,3.85%,5.82
https://www.bionixus.com/es/insights/top-empresas-investigacion-mercado-argentina-2026,5,107,4.67%,3.79
https://www.bionixus.com/usa-healthcare-market-report,4,4731,0.08%,72.77
https://www.bionixus.com/market-research,4,3349,0.12%,66.24
https://www.bionixus.com/blog/nupco-saudi-arabia-tendering-guide,4,990,0.4%,8.43
https://www.bionixus.com/banks-germany,4,804,0.5%,9.35
https://www.bionixus.com/fmcg-companies-tunisia,4,773,0.52%,6.31
https://www.bionixus.com/pharmaceutical-companies-australia,4,522,0.77%,21.5
https://www.bionixus.com/medical-device-companies-switzerland,4,387,1.03%,7.3
https://www.bionixus.com/hospital-groups-oman,4,364,1.1%,6.44
https://www.bionixus.com/manufacturing-companies-saudi-arabia,4,327,1.22%,7.02
https://www.bionixus.com/insights/top-market-research-companies-saudi-arabia-2026,4,324,1.23%,18.37
https://www.bionixus.com/cro-companies-saudi-arabia,4,254,1.57%,5.54
https://www.bionixus.com/medical-device-companies-malaysia,4,233,1.72%,9.87
https://www.bionixus.com/companies-in-egypt,4,175,2.29%,13.79
https://www.bionixus.com/blog/market-access-strategy-uae,4,157,2.55%,29.2
https://www.bionixus.com/insights/top-market-research-companies-canada-2026,4,135,2.96%,8.84
https://www.bionixus.com/pharmaceutical-companies-qatar,4,125,3.2%,6.19
https://www.bionixus.com/pharmacy-chains-oman,4,104,3.85%,6.01
https://www.bionixus.com/ar,4,56,7.14%,7.5
https://www.bionixus.com/uk-healthcare-market-report,4,49,8.16%,23.84
https://www.bionixus.com/healthcare-market-research-spain,4,36,11.11%,11.83
https://www.bionixus.com/usa-medical-devices-market-report,3,1110,0.27%,32.29
https://www.bionixus.com/medical-device-companies-uk,3,887,0.34%,24.59
https://www.bionixus.com/insights/top-market-research-companies-gcc-2026,3,410,0.73%,16.53
https://www.bionixus.com/blog/ai-drug-discovery-machine-learning-pharma-2026,3,386,0.78%,7.43
https://www.bionixus.com/banks-italy,3,380,0.79%,9.5
https://www.bionixus.com/medical-device-companies-iran,3,292,1.03%,4.8
https://www.bionixus.com/manufacturing-companies-egypt,3,265,1.13%,6.38
https://www.bionixus.com/about,3,231,1.3%,3.37
https://www.bionixus.com/blog/healthcare-overview-kuwait-market-2026,3,228,1.32%,12.03
https://www.bionixus.com/insights/top-market-research-companies-qatar-2026,3,228,1.32%,14.08
https://www.bionixus.com/blog/rare-disease-orphan-drug-saudi-arabia-sfda-2026,3,208,1.44%,7.68
https://www.bionixus.com/fmcg-companies-oman,3,207,1.45%,7.98
https://www.bionixus.com/uae-healthcare-market-report,3,201,1.49%,14.68
https://www.bionixus.com/insights/top-market-research-companies-abu-dhabi-2026,3,192,1.56%,13.66
https://www.bionixus.com/turkey-healthcare-market-report,3,190,1.58%,14.96
https://www.bionixus.com/pharmaceutical-companies,3,167,1.8%,33.42
https://www.bionixus.com/australia-medical-devices-market-report,3,167,1.8%,36.55
https://www.bionixus.com/medical-device-companies-brazil,3,147,2.04%,10.2
https://www.bionixus.com/insights/top-global-healthcare-market-research-companies-2026,3,144,2.08%,9.87
https://www.bionixus.com/cro-companies-egypt,3,140,2.14%,6.01
https://www.bionixus.com/insights/top-healthcare-market-research-companies-turkey-2026,3,101,2.97%,9.7
https://www.bionixus.com/biosimilar-market-entry-saudi-arabia,3,79,3.8%,8.91
https://www.bionixus.com/oman-healthcare-market-report,3,67,4.48%,7.54
https://www.bionixus.com/insights/top-healthcare-market-research-companies-india-2026,3,25,12%,8.52
https://www.bionixus.com/insights/top-healthcare-market-research-companies-usa-2026,2,1205,0.17%,40.51
https://www.bionixus.com/banks-qatar,2,847,0.24%,8.87
https://www.bionixus.com/insights/top-healthcare-market-research-companies-uk-2026,2,835,0.24%,19.82
https://www.bionixus.com/banks-morocco,2,728,0.27%,7.73
https://www.bionixus.com/insights/top-healthcare-market-research-companies-poland-2026,2,536,0.37%,9.61
https://www.bionixus.com/market-reports/saudi-arabia-biosimilars-market-report,2,402,0.5%,11.35
https://www.bionixus.com/banks-oman,2,294,0.68%,6.31
https://www.bionixus.com/japan-medical-devices-market-report,2,284,0.7%,18.55
https://www.bionixus.com/medical-device-companies-canada,2,269,0.74%,20.36
https://www.bionixus.com/insights/top-healthcare-market-research-companies-sweden-2026,2,249,0.8%,18.14
https://www.bionixus.com/insights/top-healthcare-market-research-companies-colombia-2026,2,230,0.87%,8.09
https://www.bionixus.com/turkey-medical-devices-market-report,2,163,1.23%,8.88
https://www.bionixus.com/blog/uae-pharmaceutical-market-gcc-entry-guide-2026,2,150,1.33%,27.19
https://www.bionixus.com/insights/top-market-research-companies-sweden-2026,2,143,1.4%,6.8
https://www.bionixus.com/insights/top-fmcg-market-research-companies-saudi-arabia-2026,2,124,1.61%,11.8
https://www.bionixus.com/retail-companies-oman,2,123,1.63%,5.85
https://www.bionixus.com/insights/top-fmcg-market-research-companies-bahrain-2026,2,119,1.68%,10.28
https://www.bionixus.com/sweden-healthcare-market-report,2,83,2.41%,34.89
https://www.bionixus.com/pt/insights/melhores-empresas-pesquisa-mercado-farmaceutico-brasil-2026,2,81,2.47%,5.86
https://www.bionixus.com/retail-companies-egypt,2,81,2.47%,6.36
https://www.bionixus.com/blog/hta-dossier-saudi-arabia-market-access,2,81,2.47%,9.31
https://www.bionixus.com/company-directories,2,76,2.63%,11.53
https://www.bionixus.com/ar/pharmaceutical-companies-saudi-arabia,2,72,2.78%,9.17
https://www.bionixus.com/uae-medical-devices-market-report,2,71,2.82%,9.07
https://www.bionixus.com/insights/top-healthcare-market-research-companies-riyadh-2026,2,64,3.12%,7.78
https://www.bionixus.com/insights/top-market-research-companies-riyadh-2026,2,61,3.28%,6.13
https://www.bionixus.com/blog/top-market-research-companies-egypt-2026,2,58,3.45%,18.26
https://www.bionixus.com/qatar-fmcg-market-research,2,56,3.57%,17.88
https://www.bionixus.com/market-reports/country/japan,2,40,5%,60.02
https://www.bionixus.com/insights/top-market-research-companies-australia-2026,2,35,5.71%,6.63
https://www.bionixus.com/oman-biotech-market-research,2,31,6.45%,16.42
https://careers.bionixus.com/applications/cb0b5afc-03ce-4c2b-9b10-616126169bfa?lang=EN,2,27,7.41%,6.33
https://www.bionixus.com/market-reports/zepzelca-lurbinectedin-sclc-2026,2,22,9.09%,5.45
https://www.bionixus.com/es,2,20,10%,11.15
https://www.bionixus.com/market-reports/uae-biosimilars-market-report,2,12,16.67%,4.25
https://www.bionixus.com/qatar-energy-market-research,2,11,18.18%,14.82
https://www.bionixus.com/market-reports/india-cardiovascular-market-report,2,9,22.22%,17
https://www.bionixus.com/pharma-insights-egypt,2,5,40%,23.8
https://www.bionixus.com/blog,1,3884,0.03%,67.22
https://www.bionixus.com/healthcare-market-research/saudi-arabia,1,2765,0.04%,53.09
https://www.bionixus.com/healthcare-market-research/uk,1,2165,0.05%,36.22
https://www.bionixus.com/healthcare-market-statistics,1,956,0.1%,58.38
https://www.bionixus.com/services/market-access,1,916,0.11%,69.76
https://www.bionixus.com/healthcare-market-research/united-states,1,587,0.17%,71.88
https://www.bionixus.com/global-websites/france,1,577,0.17%,53.38
https://www.bionixus.com/banks-spain,1,510,0.2%,18.26
https://www.bionixus.com/banks-egypt,1,473,0.21%,7.24
https://www.bionixus.com/blog/sfda-drug-registration-guide,1,473,0.21%,12.39
https://www.bionixus.com/blog/icotyde-icotrokinra-psoriasis-fda-2026,1,357,0.28%,6.47
https://www.bionixus.com/services/kol-stakeholder-mapping,1,307,0.33%,51.8
https://www.bionixus.com/services/quantitative-research,1,291,0.34%,53.12
https://www.bionixus.com/market-reports/gcc-oncology-market-report,1,280,0.36%,33.17
https://www.bionixus.com/singapore-pharmaceutical-market,1,272,0.37%,19.78
https://www.bionixus.com/insights/top-market-research-companies-morocco-2026,1,271,0.37%,6.94
https://www.bionixus.com/insights/top-market-research-companies-italy-2026,1,271,0.37%,20.06
https://www.bionixus.com/healthcare-market-research/kuwait,1,258,0.39%,18.24
https://www.bionixus.com/blog/healthcare-overview-qatar-market-2026,1,236,0.42%,24.75
https://www.bionixus.com/brazil-pharmaceutical-market-research,1,213,0.47%,10.44
https://www.bionixus.com/spain-healthcare-market-report,1,213,0.47%,48.21
https://www.bionixus.com/insights/top-healthcare-market-research-companies-dubai-2026,1,196,0.51%,8.47
https://www.bionixus.com/south-korea-medical-devices-market-report,1,194,0.52%,28.1
https://www.bionixus.com/cosmetics-companies-egypt,1,177,0.56%,7.01
https://www.bionixus.com/blog/uae-healthcare-market-overview-2026,1,177,0.56%,37.81
https://www.bionixus.com/pharmaceutical-companies-iran,1,171,0.58%,8.33
https://www.bionixus.com/market-reports/country/saudi-arabia,1,157,0.64%,56.76
https://www.bionixus.com/market-research/retail,1,155,0.65%,11.85
https://www.bionixus.com/videos/healthcare-market-research-overview,1,147,0.68%,57.84
https://www.bionixus.com/insights/top-healthcare-market-research-companies-abu-dhabi-2026,1,142,0.7%,16.35
https://www.bionixus.com/insights/top-market-research-companies-lebanon-2026,1,123,0.81%,9.54
https://www.bionixus.com/uae-pharmaceutical-market-research,1,122,0.82%,42.33
https://www.bionixus.com/insights/top-healthcare-market-research-companies-uae-2026,1,121,0.83%,8.49
https://www.bionixus.com/insights/top-market-research-companies-brazil-2026,1,119,0.84%,10.2
https://www.bionixus.com/healthcare-market-research-singapore,1,110,0.91%,23.65
https://www.bionixus.com/insights/top-pharmaceutical-analytics-companies-worldwide-2026,1,108,0.93%,9.64
https://www.bionixus.com/kuwait-healthcare-market-report,1,106,0.94%,8.3
https://www.bionixus.com/insights/top-pharma-market-research-companies-middle-east-2026,1,102,0.98%,13.64
https://www.bionixus.com/client-reviews,1,98,1.02%,6.92
https://www.bionixus.com/brazil-healthcare-market-research,1,90,1.11%,40.34
https://www.bionixus.com/qualitative-market-research,1,90,1.11%,55.6
https://www.bionixus.com/fmcg-companies-egypt,1,86,1.16%,6.59
https://www.bionixus.com/hotel-groups-saudi-arabia,1,82,1.22%,6.54
https://www.bionixus.com/sfda-market-access-strategy-saudi-arabia,1,81,1.23%,5.33
https://www.bionixus.com/insights/top-healthcare-market-research-companies-ireland-2026,1,76,1.32%,12.57
https://www.bionixus.com/market-research/education,1,76,1.32%,15.12
https://www.bionixus.com/insights/top-healthcare-market-research-companies-chile-2026,1,75,1.33%,6.75
https://www.bionixus.com/insights/top-market-research-companies-usa-2026,1,70,1.43%,21.1
https://www.bionixus.com/pharma-healthcare-industries,1,64,1.56%,40.12
https://www.bionixus.com/insights/top-biotech-market-research-companies-oman-2026,1,62,1.61%,13.87
https://www.bionixus.com/insights/top-healthcare-market-research-companies-canada-2026,1,59,1.69%,7.73
https://www.bionixus.com/blog/beqalzi-sonrotoclax-mcl-fda-2026,1,59,1.69%,10.75
https://www.bionixus.com/insights/top-biotech-market-research-companies-qatar-2026,1,59,1.69%,13.36
https://www.bionixus.com/blog/ema-orphan-drug-designation-guide-europe-2026,1,58,1.72%,8.02
https://www.bionixus.com/gfk-alternative-egypt,1,57,1.75%,5.53
https://www.bionixus.com/blog/oncology-uae-2026-cancer-care-outlook,1,56,1.79%,10.48
https://www.bionixus.com/pt/insights/top-market-research-companies-brasil-2026,1,54,1.85%,4.7
https://www.bionixus.com/healthcare-market-research-in-saudi-arabia,1,52,1.92%,18.5
https://www.bionixus.com/market-reports/japan-cardiovascular-market-report,1,48,2.08%,47
https://www.bionixus.com/insights/top-healthcare-market-research-companies-new-zealand-2026,1,45,2.22%,14.82
https://www.bionixus.com/pharmaceutical-market-research-oman,1,45,2.22%,21.69
https://www.bionixus.com/market-reports/baxfendy-baxdrostat-2026,1,44,2.27%,5.11
https://www.bionixus.com/healthcare-market-research-in-uae,1,44,2.27%,55.11
https://www.bionixus.com/blog/lynarvo-linerixibat-pbc-fda-2026,1,43,2.33%,11.47
https://www.bionixus.com/insights/top-healthcare-market-research-companies-south-korea-2026,1,43,2.33%,12.26
https://www.bionixus.com/healthcare-market-research-denmark,1,43,2.33%,38.02
https://www.bionixus.com/kuwait-real-estate-market-research,1,42,2.38%,11.69
https://www.bionixus.com/healthcare-market-research-germany,1,41,2.44%,26
https://www.bionixus.com/healthcare-market-research/morocco,1,37,2.7%,31.86
https://www.bionixus.com/market-reports/icotyde-icotrokinra-2026,1,36,2.78%,6.17
https://www.bionixus.com/insights/top-healthcare-market-research-companies-kuwait-2026,1,35,2.86%,12.51
https://careers.bionixus.com/applications/d7d18c6d-a616-40ec-a3b5-4ce4f0324a7c?lang=EN,1,32,3.12%,6.47
https://www.bionixus.com/blog/itvisma-onasemnogene-sma-ema-chmp-2026,1,32,3.12%,8.81
https://www.bionixus.com/bahrain-medtech-market-research,1,32,3.12%,37.06
https://www.bionixus.com/blog/healthcare-market-research-uae-guide-2025,1,31,3.23%,64
https://www.bionixus.com/blog/imdylltra-tarlatamab-sclc-ema-chmp-2026,1,30,3.33%,5.57
https://www.bionixus.com/market-reports/qatar-biosimilars-market-report,1,30,3.33%,12.83
https://www.bionixus.com/blog/sfda-economic-evaluation-budget-impact-guide-2026,1,29,3.45%,5.97
https://www.bionixus.com/bahrain-biotech-market-research,1,29,3.45%,13.66
https://www.bionixus.com/insights/top-market-research-companies-denmark-2026,1,28,3.57%,8.96
https://www.bionixus.com/insights/top-healthcare-market-research-companies-malaysia-2026,1,28,3.57%,13.11
https://www.bionixus.com/uk-medtech-market-research,1,27,3.7%,12.89
https://www.bionixus.com/healthcare-market-research-india,1,27,3.7%,13.56
https://www.bionixus.com/market-reports/gcc-diabetes-market-report,1,25,4%,3.8
https://www.bionixus.com/ar/pharmaceutical-companies-oman,1,25,4%,4.44
https://www.bionixus.com/es?path=es/,1,25,4%,23.04
https://www.bionixus.com/pharmaceutical-market-research-singapore,1,24,4.17%,40.33
https://www.bionixus.com/banks,1,23,4.35%,7.96
https://www.bionixus.com/market-reports/oman-rare-diseases-market-report,1,23,4.35%,13.3
https://www.bionixus.com/healthcare-market-research-japan,1,23,4.35%,17.96
https://www.bionixus.com/market-reports/saudi-arabia-oncology-market-report,1,21,4.76%,5.52
https://www.bionixus.com/market-reports/uae-oncology-market-report,1,20,5%,7.25
https://www.bionixus.com/case-studies/uae-influenza-vaccines-report-2025-2026,1,20,5%,7.55
https://www.bionixus.com/pharmaceutical-market-research-japan,1,20,5%,9.55
https://www.bionixus.com/egypt-medtech-market-research,1,20,5%,16.7
https://www.bionixus.com/bahrain-hospitality-market-research,1,20,5%,28.35
https://www.bionixus.com/bahrain-automotive-market-research,1,20,5%,39.85
https://www.bionixus.com/pharmaceutical-market-research-netherlands,1,19,5.26%,25.68
https://www.bionixus.com/insights/top-healthcare-market-research-companies-brazil-2026,1,18,5.56%,8.22
https://www.bionixus.com/fr,1,18,5.56%,43.67
https://www.bionixus.com/oman-retail-market-research,1,17,5.88%,19.82
https://www.bionixus.com/global-websites/algeria,1,15,6.67%,11.93
https://www.bionixus.com/kuwait-hospitality-market-research,1,14,7.14%,3.86
https://www.bionixus.com/market-reports/vijoice-alpelisib-pros-2026,1,12,8.33%,6.17
https://www.bionixus.com/market-reports/country/oman,1,12,8.33%,37.83
https://www.bionixus.com/market-reports/adstiladrin-bladder-cancer-2026,1,11,9.09%,6.09
https://www.bionixus.com/blog/avaliacao-tecnologias-conitec-brasil-2026,1,10,10%,6.1
https://www.bionixus.com/patient-journey-research-gcc,1,10,10%,10.2
https://www.bionixus.com/kuwait-automotive-market-research,1,10,10%,11.2
https://www.bionixus.com/market-reports/oman-biosimilars-market-report,1,9,11.11%,5
https://www.bionixus.com/oman-automotive-market-research,1,8,12.5%,4.12
https://www.bionixus.com/insights/top-medtech-market-research-companies-egypt-2026,1,8,12.5%,8
https://www.bionixus.com/healthcare-market-research/jordan,1,8,12.5%,14
https://www.bionixus.com/global-websites/jordan,1,8,12.5%,18.75
https://www.bionixus.com/kuwait-media-market-research,1,8,12.5%,21.88
https://www.bionixus.com/market-reports/kuwait-respiratory-market-report,1,8,12.5%,28.38
https://www.bionixus.com/market-reports/kresladi-rocket-pharma-2026,1,7,14.29%,5.57
https://www.bionixus.com/market-reports/australia-diabetes-market-report,1,6,16.67%,6.33
https://www.bionixus.com/insights/top-medtech-market-research-companies-south-korea-2026,1,6,16.67%,6.67
https://www.bionixus.com/market-reports/brazil-oncology-market-report,1,6,16.67%,25.83
https://www.bionixus.com/insights/top-automotive-market-research-companies-saudi-arabia-2026,1,5,20%,14.6
https://www.bionixus.com/market-reports/therapy/dermatology,1,4,25%,3.75
https://www.bionixus.com/market-reports/usa-oncology-market-report,1,4,25%,7
https://www.bionixus.com/healthcare-market-research/canada,1,4,25%,17.75
https://www.bionixus.com/pharma-insights-italy,1,3,33.33%,2.67
https://www.bionixus.com/insights/top-hospitality-market-research-companies-saudi-arabia-2026,1,3,33.33%,4.33
https://www.bionixus.com/market-reports/uae-dermatology-market-report,1,3,33.33%,6
https://www.bionixus.com/saudi-arabia-automotive-market-research,1,2,50%,1
https://www.bionixus.com/insights/top-consumer-health-market-research-companies-saudi-arabia-2026,1,2,50%,17
https://www.bionixus.com/ar/arabic-blog-alsawdyh,1,1,100%,6
https://www.bionixus.com/services/competitive-intelligence,0,1104,0%,59.88
https://www.bionixus.com/healthcare-market-research/services/market-access,0,1087,0%,35.15
https://www.bionixus.com/italy-medical-devices-market-report,0,804,0%,43.82
https://www.bionixus.com/banks-uk,0,781,0%,15.41
https://www.bionixus.com/blog/top-healthcare-market-research-firms-mena-europe,0,745,0%,29.33
https://www.bionixus.com/heor-consulting,0,670,0%,46.62
https://www.bionixus.com/banks-pakistan,0,562,0%,9.46
https://www.bionixus.com/healthcare-market-research/spain,0,517,0%,55.59
https://www.bionixus.com/insights/best-obesity-weight-management-market-research-firms-2026,0,404,0%,7.22
https://www.bionixus.com/real-estate-companies-saudi-arabia,0,366,0%,6.51
https://www.bionixus.com/banks-france,0,318,0%,10.29
https://www.bionixus.com/market-research/energy,0,278,0%,67.41
https://www.bionixus.com/insights/top-market-research-companies-dubai-2026,0,224,0%,14.25
https://www.bionixus.com/blog/gcc-pharmacoeconomics,0,221,0%,79.98
https://www.bionixus.com/spain-medical-devices-market-report,0,217,0%,38.52
https://www.bionixus.com/egypt-healthcare-market-research,0,208,0%,22.84
https://www.bionixus.com/automotive-distributors-bahrain,0,201,0%,4.14
https://www.bionixus.com/singapore-medtech-manufacturing-market,0,191,0%,28.42
https://www.bionixus.com/market-reports/south-korea-cardiovascular-market-report,0,188,0%,35.12
https://www.bionixus.com/blog/pharmaceutical-market-entry-saudi-arabia-2026-guide,0,188,0%,49.13
https://www.bionixus.com/saudi-payer-market-access-research,0,185,0%,6.08
https://www.bionixus.com/healthcare-market-research/egypt,0,184,0%,49.24
https://www.bionixus.com/insights/top-market-research-companies-uae-2026,0,183,0%,20.23
https://www.bionixus.com/bionixus-industries,0,179,0%,35.91
https://www.bionixus.com/healthcare-market-research-south-korea,0,174,0%,42.9
https://www.bionixus.com/de,0,170,0%,48.02
https://www.bionixus.com/gcc-pharmaceutical-market-research,0,169,0%,22.08
https://www.bionixus.com/medical-device-companies-mexico,0,161,0%,26.71
https://www.bionixus.com/medical-device-companies,0,160,0%,29.87
https://www.bionixus.com/japan-medical-disposables-market,0,153,0%,12.48
https://www.bionixus.com/healthcare-market-research/services/kol-mapping,0,152,0%,15.11
https://www.bionixus.com/biotech-companies-saudi-arabia,0,149,0%,6.55
https://www.bionixus.com/singapore-ivd-market-access,0,145,0%,12.67
https://www.bionixus.com/gcc-medication-management-market,0,142,0%,15.76
https://www.bionixus.com/market-reports/country/china,0,142,0%,53.39
https://www.bionixus.com/sitemap,0,138,0%,16.3
https://www.bionixus.com/medical-device-companies-china,0,135,0%,6.62
https://www.bionixus.com/insights/top-healthcare-market-research-companies-saudi-arabia-2026,0,135,0%,10.69
https://www.bionixus.com/case-studies/gcc-oncology-market,0,134,0%,55.47
https://www.bionixus.com/insights/top-healthcare-market-research-companies-peru-2026,0,129,0%,6.55
https://www.bionixus.com/insights/top-market-research-companies-senegal-2026,0,122,0%,9.13
https://www.bionixus.com/market-reports/germany-diabetes-market-report,0,119,0%,41.8
https://www.bionixus.com/blog/obesity-pbm-coverage-lilly-portfolio-q2-2026,0,117,0%,9.72
https://www.bionixus.com/cosmetics-companies-saudi-arabia,0,116,0%,8.03
https://www.bionixus.com/blog/camizestrant-pdufa-extension-astrazeneca-2026,0,113,0%,12.79
http://www.bionixus.com/,0,112,0%,6.21
https://www.bionixus.com/uk-medical-devices-market-report,0,110,0%,39.9
https://www.bionixus.com/account-level-market-research,0,109,0%,9.62
https://www.bionixus.com/japan-medical-device-market-access,0,106,0%,32.02
https://www.bionixus.com/fmcg-companies,0,105,0%,15.22
https://www.bionixus.com/global-websites/italy,0,104,0%,45.42
https://www.bionixus.com/healthcare-market-research/france,0,102,0%,45.93
https://www.bionixus.com/insights/top-market-research-companies-poland-2026,0,100,0%,13.22
https://www.bionixus.com/blog/top-healthcare-market-research-companies-2026,0,95,0%,8.51
https://www.bionixus.com/singapore-medtech-market-research,0,94,0%,55.73
https://www.bionixus.com/blog/kuwait-healthcare-market-trends-2026,0,93,0%,9.51
https://www.bionixus.com/market-reports/gcc-immunology-biologics-market-report,0,93,0%,18.09
https://www.bionixus.com/insights/top-medtech-market-research-companies-spain-2026,0,93,0%,36.26
https://www.bionixus.com/market-reports/country/uk,0,93,0%,68.37
https://www.bionixus.com/banks-nigeria,0,92,0%,15.11
https://www.bionixus.com/pharmaceutical-market-research-dubai,0,91,0%,44.92
https://careers.bionixus.com/applications/3971c1d6-ff5b-423d-9930-a496a853d166?lang=EN,0,90,0%,14.99
https://www.bionixus.com/insights/top-consumer-health-market-research-companies-bahrain-2026,0,89,0%,11.03
https://www.bionixus.com/market-reports/turkey-diabetes-market-report,0,88,0%,6.85
https://www.bionixus.com/market-reports/gcc-respiratory-market-report,0,88,0%,29.9
https://www.bionixus.com/healthcare-market-research/singapore,0,87,0%,71.77
https://www.bionixus.com/japan-medtech-market-research,0,86,0%,16.53
https://www.bionixus.com/market-reports/gcc-digital-health-market-report,0,86,0%,31.77
https://www.bionixus.com/respiratory-market-access-gcc,0,84,0%,20.17
https://www.bionixus.com/insights/top-hospitality-market-research-companies-uae-2026,0,83,0%,9.24
https://www.bionixus.com/strategic-portfolio,0,83,0%,43.39
https://www.bionixus.com/medical-affairs-insight-research-gcc,0,82,0%,6.35
https://www.bionixus.com/healthcare-market-research-bahrain,0,81,0%,13.41
https://www.bionixus.com/healthcare-market-research/iraq,0,80,0%,26.69
https://www.bionixus.com/market-reports/country/singapore,0,79,0%,66.84
https://www.bionixus.com/insights/best-global-market-research-companies-pharma-2026,0,78,0%,13.86
https://www.bionixus.com/services,0,76,0%,6.16
https://www.bionixus.com/blog/competitive-intelligence-pharma-gcc,0,75,0%,26.65
https://www.bionixus.com/pricing,0,74,0%,8.45
https://www.bionixus.com/insights/top-fmcg-market-research-companies-kuwait-2026,0,74,0%,11
https://www.bionixus.com/insights/top-medtech-market-research-companies-bahrain-2026,0,74,0%,12.5
https://www.bionixus.com/mena-pharma-market-data,0,74,0%,22.12
https://www.bionixus.com/api/og-card?path=/market-reports/germany-oncology-market-report,0,73,0%,62.53
https://www.bionixus.com/market-reports/foundayo-orforglipron-obesity-2026,0,72,0%,6.6
https://www.bionixus.com/italy-medical-device-connectivity-market,0,72,0%,10.85
https://www.bionixus.com/market-reports/qatar-digital-health-market-report,0,72,0%,17.49
https://www.bionixus.com/italy-portable-diagnostic-devices-market,0,71,0%,7
https://www.bionixus.com/market-research-qatar,0,70,0%,33.01
https://www.bionixus.com/healthcare-market-research/sweden,0,70,0%,57.39
https://www.bionixus.com/es/healthcare-market-research/spain,0,68,0%,45.97
https://www.bionixus.com/blog/deutsche-pharmaunternehmen-2026-pipeline-updates,0,67,0%,11.46
https://www.bionixus.com/gcc-functional-service-providers-market,0,66,0%,4.47
https://www.bionixus.com/b2c-industries,0,66,0%,11.2
https://www.bionixus.com/cost-effectiveness-analysis-gcc,0,64,0%,6.41
https://www.bionixus.com/australia-medtech-market-research,0,64,0%,37.67
https://www.bionixus.com/healthcare-market-research/south-korea,0,64,0%,63.67
https://www.bionixus.com/blog/jascayd-nerandomilast-ema-chmp-ipf-2026,0,62,0%,7.58
https://www.bionixus.com/insights/top-market-research-companies-kuwait-2026,0,61,0%,6.87
https://www.bionixus.com/market-reports/country/germany,0,60,0%,39.07
https://www.bionixus.com/news/bionixus-brazil-office-latam-expansion-2026,0,59,0%,7.83
https://www.bionixus.com/services/qualitative-research,0,59,0%,18.88
https://www.bionixus.com/qatar-medtech-market-research,0,58,0%,25.34
https://www.bionixus.com/blog/cenrifki-tolebrutinib-nrspms-ema-chmp-2026,0,57,0%,6.84
https://www.bionixus.com/insights/top-medtech-market-research-companies-poland-2026,0,57,0%,8.89
https://www.bionixus.com/insights/top-fmcg-market-research-companies-qatar-2026,0,57,0%,17.39
https://www.bionixus.com/market-research-in-uae,0,56,0%,13.41
https://www.bionixus.com/market-reports/gcc-vaccines-market-report,0,55,0%,15.45
https://www.bionixus.com/healthcare-market-research/algeria,0,55,0%,17.89
https://www.bionixus.com/blog/roche-pathai-acquisition-digital-pathology-2026,0,54,0%,9.35
https://www.bionixus.com/market-reports/awiqli-insulin-icodec-2026,0,53,0%,6.38
https://www.bionixus.com/febrile-neutropenia-market,0,53,0%,8.87
https://www.bionixus.com/india-healthcare-market-report,0,48,0%,63.96
https://www.bionixus.com/qatar-healthcare-market-research,0,47,0%,34.77
https://www.bionixus.com/msl-insight-research-middle-east,0,46,0%,9.04
https://www.bionixus.com/market-reports/beqalzi-sonrotoclax-2026,0,46,0%,12.07
https://www.bionixus.com/real-world-evidence-germany,0,46,0%,44.89
https://www.bionixus.com/insights/top-market-research-companies-south-korea-2026,0,45,0%,6.91
https://www.bionixus.com/insights/top-public-sector-market-research-companies-oman-2026,0,45,0%,8.87
https://www.bionixus.com/hta-studies-saudi-arabia,0,45,0%,10.38
https://www.bionixus.com/global-websites/canada,0,45,0%,40.33
https://www.bionixus.com/oman-fmcg-market-research,0,44,0%,9.18
https://www.bionixus.com/market-reports/singapore-oncology-market-report,0,44,0%,11.82
https://www.bionixus.com/videos/consumer-b2b-market-research,0,44,0%,37.07
https://www.bionixus.com/blog/vijoice-alpelisib-pros-ema-chmp-2026,0,43,0%,6.6
https://www.bionixus.com/market-reports/china-immunology-biologics-market-report,0,43,0%,12.6
https://www.bionixus.com/blog/datroway-datopotamab-tnbc-fda-approval-2026,0,42,0%,8.12
https://www.bionixus.com/insights/top-market-research-companies-uk-2026,0,42,0%,17
https://www.bionixus.com/blog/foundayo-orforglipron-fda-approval-2026,0,41,0%,7.41
https://www.bionixus.com/global-websites/kuwait,0,41,0%,13.51
https://www.bionixus.com/market-reports/germany-immunology-biologics-market-report,0,41,0%,18.88
https://www.bionixus.com/france-medtech-market-research,0,40,0%,17.32
https://www.bionixus.com/insights/top-market-research-companies-angola-2026,0,39,0%,6.9
https://www.bionixus.com/blog/top-healthcare-market-research-companies-uae,0,39,0%,19.85
https://www.bionixus.com/case-studies,0,39,0%,29.38
https://www.bionixus.com/healthcare-market-research/turkey,0,39,0%,35.15
https://www.bionixus.com/clinical-diagnostics-market-research,0,39,0%,43.21
https://www.bionixus.com/blog/saudi-arabia-gcc-pharmaceutical-market-guide-2026,0,38,0%,5.92
https://www.bionixus.com/banks-saudi-arabia,0,38,0%,15.97
https://www.bionixus.com/global-websites/japan,0,38,0%,35.87
https://www.bionixus.com/blog/financial-services-market-research-egypt-2026,0,37,0%,7.41
https://www.bionixus.com/bahrain-education-market-research,0,37,0%,8.78
https://www.bionixus.com/blog/adstiladrin-nadofaragene-nmibc-ema-chmp-2026,0,37,0%,10.32
https://www.bionixus.com/blog/tecartus-brexucabtagene-mcl-full-approval-2026,0,37,0%,12.22
https://www.bionixus.com/bionixus-ai-chatbots-increase-sales-and-lead-generation,0,37,0%,12.3
https://www.bionixus.com/brand-tracking-pharma-gcc,0,36,0%,23.44
https://www.bionixus.com/saudi-arabia,0,36,0%,30.11
https://www.bionixus.com/insights/top-pharmaceutical-market-research-companies-saudi-arabia-2026,0,35,0%,10.31
https://www.bionixus.com/market-reports/lifyorli-relacorilant-2026,0,35,0%,16.89
https://www.bionixus.com/market-reports/bahrain-digital-health-market-report,0,35,0%,18.03
https://www.bionixus.com/global-websites/qatar,0,35,0%,69.17
https://www.bionixus.com/blog/evaluation-economique-has-france-2026,0,34,0%,6.65
https://www.bionixus.com/bionixus-industries/insights/financial-services-market-research-egypt-2026,0,34,0%,7.56
https://www.bionixus.com/qatar-biotech-market-research,0,34,0%,48.47
https://www.bionixus.com/bionixus-vs-iqvia-mena,0,33,0%,8.21
https://www.bionixus.com/blog/kresladi-marnetegragene-lad1-fda-2026,0,33,0%,8.42
https://www.bionixus.com/healthcare-market-research-poland,0,33,0%,17.21
https://www.bionixus.com/saudi-arabia-biotech-market-research,0,33,0%,22.58
https://www.bionixus.com/market-reports/china-diabetes-market-report,0,33,0%,29.67
https://www.bionixus.com/market-reports/singapore-diabetes-market-report,0,32,0%,7.72
https://www.bionixus.com/insights/top-real-estate-market-research-companies-uae-2026,0,32,0%,8.56
https://www.bionixus.com/zh/strategic-portfolio,0,32,0%,12.66
https://www.bionixus.com/blog/hepcludex-bulevirtide-hdv-fda-approval-2026,0,32,0%,14.22
https://www.bionixus.com/bahrain-media-market-research,0,32,0%,26.56
https://www.bionixus.com/global-websites/tunisia,0,32,0%,28.75
https://www.bionixus.com/pharmaceutical-market-research-spain,0,32,0%,44.78
https://www.bionixus.com/healthcare-market-research/therapy/diabetes,0,32,0%,52.38
https://www.bionixus.com/blog/idvynso-doravirine-islatravir-hiv-fda-2026,0,31,0%,9.55
https://www.bionixus.com/qatar-real-estate-market-research,0,31,0%,10.58
https://www.bionixus.com/doxorubicin-market,0,31,0%,12.35
https://www.bionixus.com/zh,0,31,0%,13.06
https://www.bionixus.com/market-reports/germany-cardiovascular-market-report,0,31,0%,34.48
https://www.bionixus.com/pharmaceutical-market-research-australia,0,31,0%,48.42
https://www.bionixus.com/blog/digital-therapeutics-regulation-mena-markets,0,30,0%,9
https://www.bionixus.com/healthcare-market-research-switzerland,0,30,0%,13.67
https://www.bionixus.com/kol-mapping-saudi-arabia-oncology,0,30,0%,14.53
https://www.bionixus.com/market-reports/saudi-arabia-vaccines-market-report,0,30,0%,16.67
https://www.bionixus.com/market-research-in-saudi-arabia,0,30,0%,17.7
https://www.bionixus.com/oman-public-sector-market-research,0,30,0%,19
https://www.bionixus.com/market-reports/qatar-rare-diseases-market-report,0,30,0%,22.73
https://www.bionixus.com/egypt-medical-devices-market-report,0,30,0%,25.27
https://www.bionixus.com/market-reports/bahrain-vaccines-market-report,0,30,0%,31.8
https://www.bionixus.com/global-websites/united-kingdom,0,30,0%,57.2
https://www.bionixus.com/qatar-market-access-research,0,29,0%,18.28
https://www.bionixus.com/market-reports/india-diabetes-market-report,0,29,0%,24.14
https://www.bionixus.com/saudi-arabia-healthcare-market-research,0,29,0%,66.1
https://www.bionixus.com/saudi-arabia-genetic-testing-market,0,28,0%,8.14
https://www.bionixus.com/blog/ema-hta-evidence-requirements-europe-2026,0,28,0%,9.71
https://www.bionixus.com/pharma-insights-germany,0,28,0%,23.43
https://www.bionixus.com/blog/fda-real-world-evidence-market-access-usa-2026,0,28,0%,26.25
https://www.bionixus.com/italy-healthcare-market-report,0,28,0%,50.75
https://www.bionixus.com/market-reports/country/qatar,0,28,0%,70.46
https://www.bionixus.com/insights/top-healthcare-market-research-companies-argentina-2026,0,27,0%,5.93
https://www.bionixus.com/insights/top-automotive-market-research-companies-uae-2026,0,27,0%,8.78
https://www.bionixus.com/pharmaceutical-market-research-turkey,0,27,0%,25.7
https://www.bionixus.com/companies-in-saudi-arabia,0,27,0%,34.93
https://www.bionixus.com/api/og-card?path=/market-reports/turkey-diabetes-market-report,0,27,0%,40.41
https://www.bionixus.com/market-reports/country/brazil,0,27,0%,42.52
https://www.bionixus.com/market-research-uae,0,27,0%,76.93
https://www.bionixus.com/market-reports/gcc-cardiovascular-market-report,0,26,0%,4.35
https://www.bionixus.com/faq,0,26,0%,5.42
https://www.bionixus.com/insights/top-market-research-companies-singapore-2026,0,26,0%,5.73
https://www.bionixus.com/healthcare-bioconvergence-market,0,26,0%,6.85
https://www.bionixus.com/switzerland-medtech-market-research,0,26,0%,11.35
https://www.bionixus.com/pharma-insights-qatar,0,26,0%,13.81
https://www.bionixus.com/insights/top-hospitality-market-research-companies-bahrain-2026,0,26,0%,16.88
https://www.bionixus.com/healthcare-market-research/china,0,26,0%,20.85
https://www.bionixus.com/api/og-card?path=/market-reports/brazil-diabetes-market-report,0,26,0%,24.23
https://www.bionixus.com/market-reports/kuwait-vaccines-market-report,0,26,0%,49.27
https://www.bionixus.com/healthcare-market-research/therapy/rare-diseases,0,25,0%,4.2
https://www.bionixus.com/pharmaceutical-market-research-usa,0,25,0%,6.52
https://www.bionixus.com/healthcare-market-research-malaysia,0,25,0%,8.56
https://www.bionixus.com/pharmaceutical-market-research-germany,0,25,0%,11.72
https://www.bionixus.com/healthcare-market-research/germany,0,25,0%,14.56
https://www.bionixus.com/insights/top-healthcare-market-research-companies-italy-2026,0,25,0%,18.96
https://www.bionixus.com/bahrain-technology-market-research,0,25,0%,41.44
https://www.bionixus.com/healthcare-market-research/qatar,0,25,0%,45.92
https://www.bionixus.com/france-medical-devices-market-report,0,25,0%,58.84
https://www.bionixus.com/market-reports/cenrifki-tolebrutinib-2026,0,24,0%,6.25
https://www.bionixus.com/blog/market-access-research-uae-2026,0,24,0%,6.54
https://www.bionixus.com/blog/eli-lilly-vaccine-acquisitions-curevo-limmatech-2026,0,24,0%,6.62
https://www.bionixus.com/insights/top-market-research-companies-turkey-2026,0,24,0%,10.21
https://www.bionixus.com/pharmaceutical-market-research-malaysia,0,24,0%,14.67
https://www.bionixus.com/kuwait-medtech-market-research,0,24,0%,17.54
https://www.bionixus.com/bahrain-retail-market-research,0,24,0%,31.83
https://www.bionixus.com/market-reports/australia-oncology-market-report,0,24,0%,62.83
https://www.bionixus.com/bahrain-medical-devices-market-report,0,23,0%,14.43
https://www.bionixus.com/insights/top-healthcare-market-research-companies-egypt-2026,0,23,0%,17
https://www.bionixus.com/blog/patient-journey-mapping-saudi-arabia,0,23,0%,17.22
https://www.bionixus.com/market-reports/oman-digital-health-market-report,0,23,0%,17.7
https://www.bionixus.com/kuwait-telecom-market-research,0,23,0%,18
https://www.bionixus.com/blog/top-therapy-areas-pharma-growth-saudi-arabia,0,23,0%,21.78
https://www.bionixus.com/market-reports/country/turkey,0,23,0%,47.13
https://www.bionixus.com/insights/top-media-market-research-companies-saudi-arabia-2026,0,22,0%,8
https://www.bionixus.com/blog/langlara-insulin-glargine-biosimilar-fda-2026,0,22,0%,8.27
https://www.bionixus.com/market-reports/idvynso-doravirine-islatravir-2026,0,22,0%,9
https://www.bionixus.com/japan-general-surgical-devices-market,0,22,0%,10.41
https://www.bionixus.com/pharma-fieldwork-egypt,0,22,0%,12.05
https://www.bionixus.com/egypt-pharmaceutical-market-research,0,22,0%,12.59
https://www.bionixus.com/brazil-medical-devices-market-report,0,22,0%,15.36
https://www.bionixus.com/global-websites/lebanon,0,22,0%,18.45
https://www.bionixus.com/market-reports/jascayd-nerandomilast-2026,0,21,0%,6.19
https://www.bionixus.com/insights/top-market-research-companies-netherlands-2026,0,21,0%,6.24
https://www.bionixus.com/heor-consulting-saudi-arabia,0,21,0%,11.9
https://www.bionixus.com/zh/healthcare-market-research,0,21,0%,13.24
https://www.bionixus.com/south-korea-medtech-market-research,0,21,0%,25.71
https://www.bionixus.com/blog/top-healthcare-market-research-companies-mena,0,21,0%,32.43
https://www.bionixus.com/market-reports/bahrain-oncology-market-report,0,20,0%,3.85
https://www.bionixus.com/kantar-health-alternative-gcc,0,20,0%,7.65
https://www.bionixus.com/blog/middle-east-healthcare-market-statistics-2026,0,20,0%,10.2
https://www.bionixus.com/gcc-personalized-medicine-market,0,20,0%,12.15
https://www.bionixus.com/b2b-industries,0,20,0%,13.75
https://www.bionixus.com/market-reports/country/egypt,0,20,0%,17.05
https://www.bionixus.com/blog/top-healthcare-market-research-companies-kuwait,0,20,0%,20.25
https://www.bionixus.com/insights/top-biotech-market-research-companies-uae-2026,0,20,0%,21.5
https://www.bionixus.com/oman-hospitality-market-research,0,20,0%,26.55
https://www.bionixus.com/market-reports/uae-neurology-cns-market-report,0,20,0%,37.35
https://www.bionixus.com/market-reports/country/australia,0,20,0%,72.3
https://www.bionixus.com/api/og-card?path=/south-korea-healthcare-market-report,0,20,0%,76.25
https://www.bionixus.com/blog/pharma-market-entry-saudi-arabia-playbook,0,19,0%,6.84
https://www.bionixus.com/insights/leading-biologics-biosimilars-market-research-companies-2026,0,19,0%,7.95
https://www.bionixus.com/gcc-clinical-trials-market,0,19,0%,8.26
https://www.bionixus.com/insights/top-market-research-companies-malaysia-2026,0,19,0%,8.53
https://www.bionixus.com/china-medtech-market-research,0,19,0%,10.16
https://www.bionixus.com/insights/top-real-estate-market-research-companies-egypt-2026,0,19,0%,11.11
https://www.bionixus.com/blog/regional-crisis-impact-middle-east-economies-healthcare-2026,0,19,0%,20.26
https://www.bionixus.com/germany-medtech-market-research,0,19,0%,30.16
https://www.bionixus.com/market-reports/saudi-arabia-cancer-diagnostics-market-report,0,18,0%,4.67
https://www.bionixus.com/commercial-effectiveness-pharma-middle-east,0,18,0%,6.72
https://www.bionixus.com/diabetes-market-research-uae,0,18,0%,6.83
https://www.bionixus.com/new-zealand-medtech-market-research,0,18,0%,7.22
https://www.bionixus.com/market-reports/langlara-insulin-glargine-2026,0,18,0%,10.72
https://www.bionixus.com/insights/top-retail-market-research-companies-oman-2026,0,18,0%,12.11
https://www.bionixus.com/insights/top-market-research-companies-tunisia-2026,0,18,0%,12.94
https://www.bionixus.com/market-reports/turkey-oncology-market-report,0,18,0%,26.33
https://www.bionixus.com/market-reports/uae-vaccines-market-report,0,18,0%,36.06
https://www.bionixus.com/api/og-card?path=/south-korea-medical-devices-market-report,0,18,0%,37.28
https://www.bionixus.com/healthcare-market-research/switzerland,0,18,0%,43.61
https://www.bionixus.com/market-reports/qatar-vaccines-market-report,0,18,0%,55.44
https://www.bionixus.com/pt/insights/top-empresas-pesquisa-mercado-saude-brasil-2026,0,17,0%,5.76
https://www.bionixus.com/insights/top-healthcare-market-research-companies-mexico-2026,0,17,0%,7.12
https://www.bionixus.com/kuwait-market-access-research,0,17,0%,7.94
https://www.bionixus.com/insights/top-market-research-companies-oman-2026,0,17,0%,8.41
https://www.bionixus.com/pharmaceutical-market-research-denmark,0,17,0%,9
https://www.bionixus.com/blog/lifyorli-relacorilant-ovarian-cancer-fda-2026,0,17,0%,10.76
https://www.bionixus.com/market-reports/oman-diabetes-market-report,0,17,0%,13.76
https://www.bionixus.com/market-research-oman,0,17,0%,16.12
https://www.bionixus.com/pharmaceutical-market-research-uk,0,17,0%,21.88
https://www.bionixus.com/blog/pharmaceutical-market-research-methods-mena,0,17,0%,25.35
https://www.bionixus.com/healthcare-market-research-australia,0,17,0%,25.88
https://www.bionixus.com/uae-healthcare-market-research,0,17,0%,36.76
https://www.bionixus.com/market-reports/gcc-dermatology-market-report,0,16,0%,7.12
https://www.bionixus.com/pharma-insights-oman,0,16,0%,8.12
https://www.bionixus.com/insights/top-fmcg-market-research-companies-oman-2026,0,16,0%,8.75
https://www.bionixus.com/insights/top-market-research-companies-argentina-2026,0,16,0%,9.19
https://www.bionixus.com/healthcare-market-research-netherlands,0,16,0%,12
https://www.bionixus.com/japan-neurology-devices-market,0,16,0%,13.94
https://www.bionixus.com/market-research-kuwait,0,16,0%,13.94
https://www.bionixus.com/zh/insights/top-market-research-companies-egypt-2026,0,16,0%,16.62
https://www.bionixus.com/kuwait-technology-market-research,0,16,0%,18.88
https://www.bionixus.com/qatar-automotive-market-research,0,16,0%,32.75
https://www.bionixus.com/bahrain-consumer-health-market-research,0,16,0%,34.69
https://www.bionixus.com/market-reports/india-oncology-market-report,0,16,0%,40.25
https://www.bionixus.com/market-reports/bahrain-dermatology-market-report,0,16,0%,40.44
https://www.bionixus.com/healthcare-market-research/australia,0,16,0%,50.5
https://www.bionixus.com/healthcare-market-research/therapy/neurology-cns,0,16,0%,61.06
https://www.bionixus.com/api/og-card?path=/market-reports/qatar-rare-diseases-market-report,0,16,0%,90.12
https://www.bionixus.com/mek-inhibitors-market,0,15,0%,4.07
https://www.bionixus.com/blog/redemplo-plozasiran-fcs-ema-chmp-2026,0,15,0%,5
https://www.bionixus.com/italy-medtech-market-research,0,15,0%,6.2
https://www.bionixus.com/healthcare-market-research/nigeria,0,15,0%,9.93
https://www.bionixus.com/bahrain-healthcare-market-research,0,15,0%,10.8
https://www.bionixus.com/pharmaceutical-market-research-canada,0,15,0%,11.33
https://www.bionixus.com/healthcare-market-research-italy,0,15,0%,11.87
https://www.bionixus.com/pharmaceutical-market-research-ireland,0,15,0%,12.67
https://www.bionixus.com/saudi-arabia-biomarkers-market,0,15,0%,14
https://www.bionixus.com/canada-medtech-market-research,0,15,0%,15.33
https://www.bionixus.com/bahrain-fmcg-market-research,0,15,0%,17.4
https://www.bionixus.com/market-reports/qatar-immunology-biologics-market-report,0,15,0%,21
https://www.bionixus.com/bahrain-real-estate-market-research,0,15,0%,21.07
https://www.bionixus.com/patient-adherence-research-middle-east,0,15,0%,31.53
https://www.bionixus.com/automotive-distributors-qatar,0,15,0%,31.93
https://www.bionixus.com/healthcare-market-research/lebanon,0,15,0%,36.8
https://www.bionixus.com/market-reports/therapy/digital-health,0,15,0%,40.8
https://www.bionixus.com/consumer-market-research,0,15,0%,45.27
https://www.bionixus.com/healthcare-market-research/italy,0,15,0%,49.87
https://www.bionixus.com/real-world-evidence-uk,0,15,0%,51.53
https://www.bionixus.com/market-reports/lynavoy-linerixibat-2026,0,14,0%,5.21
https://www.bionixus.com/news,0,14,0%,5.36
https://www.bionixus.com/blog/pharmacoeconomics-consulting-europe-2026,0,14,0%,11.71
https://www.bionixus.com/global-websites/mexico,0,14,0%,15.21
https://www.bionixus.com/market-reports/saudi-arabia-neurology-cns-market-report,0,14,0%,15.43
https://www.bionixus.com/blog/maxdiff-vs-conjoint-analysis-medtech-pricing,0,14,0%,17.14
https://www.bionixus.com/global-websites/kenya,0,14,0%,19.79
https://www.bionixus.com/bahrain-public-sector-market-research,0,14,0%,20.07
https://www.bionixus.com/egypt-automotive-market-research,0,14,0%,20.5
https://www.bionixus.com/qatar-telecom-market-research,0,14,0%,22
https://www.bionixus.com/insights/saudi-arabia-biosimilar-market-size-methodology-2026,0,14,0%,35.71
https://www.bionixus.com/oman-medtech-market-research,0,14,0%,36.5
https://www.bionixus.com/oman-healthcare-market-research,0,14,0%,38.79
https://www.bionixus.com/oman-consumer-health-market-research,0,14,0%,41.21
https://www.bionixus.com/ar/healthcare-market-research/saudi-arabia,0,13,0%,5.23
https://www.bionixus.com/insights/top-healthcare-market-research-companies-netherlands-2026,0,13,0%,5.31
https://www.bionixus.com/insights/top-fmcg-market-research-companies-egypt-2026,0,13,0%,7.31
https://www.bionixus.com/pharma-fieldwork-uae,0,13,0%,10.77
https://www.bionixus.com/insights/top-retail-market-research-companies-bahrain-2026,0,13,0%,12.62
https://www.bionixus.com/real-world-evidence-france,0,13,0%,12.77
https://www.bionixus.com/insights/top-medtech-market-research-companies-france-2026,0,13,0%,13.54
https://www.bionixus.com/market-reports/kuwait-biosimilars-market-report,0,13,0%,14.69
https://www.bionixus.com/de/healthcare-market-research/saudi-arabia,0,13,0%,19.69
https://www.bionixus.com/kuwait-healthcare-market-research,0,13,0%,19.69
https://www.bionixus.com/uae-automotive-market-research,0,13,0%,21.62
https://www.bionixus.com/market-reports/oman-vaccines-market-report,0,13,0%,25.08
https://www.bionixus.com/zh/bionixus-industries,0,13,0%,45
https://www.bionixus.com/australia-healthcare-market-report,0,13,0%,47.54
https://www.bionixus.com/market-reports/egypt-dermatology-market-report,0,12,0%,5.42
https://www.bionixus.com/insights/top-market-research-companies-ireland-2026,0,12,0%,5.5
https://www.bionixus.com/blog/saudi-arabia-healthcare-market-2026,0,12,0%,6
https://www.bionixus.com/pt/insights/top-empresas-pesquisa-mercado-brasil-2026,0,12,0%,6.5
https://www.bionixus.com/bionixus-industries/insights/online-market-research-social-listening-brand-growth-2026,0,12,0%,7.75
https://www.bionixus.com/healthcare-market-research/libya,0,12,0%,8.67
https://www.bionixus.com/market-reports/brazil-diabetes-market-report,0,12,0%,8.92
https://www.bionixus.com/blog/zepbound-kwikpen-goodrx-self-pay-2026,0,12,0%,11
https://www.bionixus.com/healthcare-market-research-kuwait,0,12,0%,13.08
https://www.bionixus.com/poland-medtech-market-research,0,12,0%,13.58
https://www.bionixus.com/market-reports/egypt-digital-health-market-report,0,12,0%,15.42
https://www.bionixus.com/qatar-consumer-health-market-research,0,12,0%,15.83
https://www.bionixus.com/insights/top-media-market-research-companies-bahrain-2026,0,12,0%,19.67
https://www.bionixus.com/market-reports/country/gcc,0,12,0%,25.75
https://www.bionixus.com/blog/neurofibromatosis,0,12,0%,26.67
https://www.bionixus.com/insights/top-retail-market-research-companies-kuwait-2026,0,12,0%,27.08
https://www.bionixus.com/saudi-arabia-healthcare-market-report,0,12,0%,39.25
https://www.bionixus.com/blog/healthcare-market-research-methodologies-gcc,0,12,0%,48.67
https://www.bionixus.com/api/og-card?path=/healthcare-market-research/turkey,0,12,0%,93.67
https://www.bionixus.com/blog/oncology-market-research-usa-2026,0,11,0%,4.36
https://www.bionixus.com/budget-impact-model-saudi-arabia,0,11,0%,5.82
https://www.bionixus.com/oman-real-estate-market-research,0,11,0%,5.82
https://www.bionixus.com/blog/joenja-leniolisib-apds-ema-chmp-2026,0,11,0%,6.27
https://www.bionixus.com/kuwait-public-sector-market-research,0,11,0%,6.36
https://www.bionixus.com/market-reports/japan-oncology-market-report,0,11,0%,6.36
https://www.bionixus.com/market-reports/kuwait-dermatology-market-report,0,11,0%,6.45
https://www.bionixus.com/insights/top-medtech-market-research-companies-oman-2026,0,11,0%,7.45
https://www.bionixus.com/insights/top-public-sector-market-research-companies-saudi-arabia-2026,0,11,0%,8.27
https://www.bionixus.com/kuwait-biotech-market-research,0,11,0%,8.27
https://www.bionixus.com/market-reports/decnupaz-pivekimab-sunirine-2026,0,11,0%,8.27
https://www.bionixus.com/market-reports/oman-immunology-biologics-market-report,0,11,0%,8.55
https://www.bionixus.com/insights/top-public-sector-market-research-companies-bahrain-2026,0,11,0%,9.55
https://www.bionixus.com/malaysia-medtech-market-research,0,11,0%,9.55
https://www.bionixus.com/blog/zepzelca-lurbinectedin-sclc-ema-chmp-2026,0,11,0%,9.73
https://www.bionixus.com/insights/top-media-market-research-companies-uae-2026,0,11,0%,10.55
https://www.bionixus.com/zh/insights,0,11,0%,12.45
https://www.bionixus.com/global-websites/south-africa,0,11,0%,13.45
https://www.bionixus.com/market-reports/oman-oncology-market-report,0,11,0%,14
https://www.bionixus.com/insights/top-real-estate-market-research-companies-oman-2026,0,11,0%,15.64
https://www.bionixus.com/market-reports/qatar-oncology-market-report,0,11,0%,16.36
https://www.bionixus.com/insights/top-telecom-market-research-companies-uae-2026,0,11,0%,16.82
https://www.bionixus.com/bahrain-financial-services-market-research,0,11,0%,17.09
https://www.bionixus.com/healthcare-market-research/denmark,0,11,0%,20.09
https://www.bionixus.com/api/og-card?path=/market-reports/brazil-oncology-market-report,0,11,0%,29.64
https://www.bionixus.com/uae-telecom-market-research,0,11,0%,44.82
https://www.bionixus.com/news/bionixus-egypt-new-administrative-capital-office-2026,0,10,0%,3.4
https://www.bionixus.com/blog/gcc-clinical-trials-market-2026,0,10,0%,4.6
https://www.bionixus.com/insights/top-consumer-health-market-research-companies-egypt-2026,0,10,0%,5.7
https://www.bionixus.com/blog/nice-hta-evidence-requirements-guide,0,10,0%,6.3
https://www.bionixus.com/healthcare-market-research-turkey,0,10,0%,6.4
https://www.bionixus.com/market-research/fmcg,0,10,0%,7.8
https://www.bionixus.com/insights/top-biotech-market-research-companies-saudi-arabia-2026,0,10,0%,7.9
https://www.bionixus.com/ar/contacts,0,10,0%,8.2
https://www.bionixus.com/market-research/public-sector,0,10,0%,9.2
https://www.bionixus.com/market-reports/uae-cardiovascular-market-report,0,10,0%,11.1
https://www.bionixus.com/global-websites/morocco,0,10,0%,12.2
https://www.bionixus.com/insights/top-medtech-market-research-companies-kuwait-2026,0,10,0%,12.4
https://www.bionixus.com/market-reports/saudi-arabia-digital-health-market-report,0,10,0%,14
https://www.bionixus.com/market-reports/kuwait-oncology-market-report,0,10,0%,15.8
https://www.bionixus.com/oman-education-market-research,0,10,0%,18.7
https://www.bionixus.com/healthcare-market-research/therapy/vaccines,0,10,0%,19.1
https://www.bionixus.com/oman-energy-market-research,0,10,0%,21.5
https://www.bionixus.com/oman-financial-services-market-research,0,10,0%,21.7
https://www.bionixus.com/market-reports/bahrain-diabetes-market-report,0,10,0%,29.9
https://www.bionixus.com/services/cross-industry,0,10,0%,32.6
https://www.bionixus.com/qatar-media-market-research,0,10,0%,37.6
https://www.bionixus.com/api/og-card?path=/healthcare-market-research/uk,0,10,0%,90.8
https://www.bionixus.com/ar/blog/سوق-الدواء-السعودي-2026,0,9,0%,5.22
https://www.bionixus.com/healthcare-market-research-agency-gcc,0,9,0%,5.89
https://www.bionixus.com/insights/top-consumer-health-market-research-companies-uae-2026,0,9,0%,5.89
https://www.bionixus.com/market-reports/imdylltra-tarlatamab-2026,0,9,0%,5.89
https://www.bionixus.com/market-reports/lilly-obesity-pbm-coverage-2026,0,9,0%,6.22
https://www.bionixus.com/market-reports/qatar-dermatology-market-report,0,9,0%,6.22
https://www.bionixus.com/egypt-financial-services-market-research,0,9,0%,7.11
https://www.bionixus.com/blog/flovent-hfa-fluticasone-generic-fda-2026,0,9,0%,7.33
https://www.bionixus.com/nf1-pharma-market-research,0,9,0%,8.67
https://www.bionixus.com/real-world-evidence,0,9,0%,10.33
https://www.bionixus.com/pharmaceutical-market-research-argentina,0,9,0%,10.89
https://www.bionixus.com/oman-telecom-market-research,0,9,0%,11.89
https://www.bionixus.com/blog/desmoid-tumors-nirogacestat-pharma-market-access,0,9,0%,12.44
https://www.bionixus.com/global-websites/china,0,9,0%,14.67
https://www.bionixus.com/market-reports/kuwait-immunology-biologics-market-report,0,9,0%,15.44
https://www.bionixus.com/market-reports/oman-respiratory-market-report,0,9,0%,15.44
https://www.bionixus.com/market-reports/oman-dermatology-market-report,0,9,0%,17.11
https://www.bionixus.com/api/og-card?path=/market-reports/japan-diabetes-market-report,0,9,0%,17.22
https://www.bionixus.com/italy-clinical-trials-market,0,9,0%,23.67
https://www.bionixus.com/real-world-evidence-turkey,0,9,0%,23.67
https://www.bionixus.com/france-healthcare-market-report,0,9,0%,25.89
https://www.bionixus.com/fmcg-companies-mexico,0,9,0%,26.11
https://www.bionixus.com/pharmaceutical-market-research-india,0,9,0%,26.11
https://www.bionixus.com/healthcare-market-research/brazil,0,9,0%,26.56
https://www.bionixus.com/qatar-hospitality-market-research,0,9,0%,27.11
https://www.bionixus.com/pharmaceutical-market-research-poland,0,9,0%,40.78
https://www.bionixus.com/blog/gcc-pharmacy-market-2026,0,9,0%,41.67
https://www.bionixus.com/bahrain-telecom-market-research,0,9,0%,41.78
https://www.bionixus.com/market-reports/bahrain-neurology-cns-market-report,0,9,0%,49.11
https://www.bionixus.com/market-reports/therapy/vaccines,0,9,0%,59
https://www.bionixus.com/api/og-card?path=/india-medical-devices-market-report,0,9,0%,87.56
https://www.bionixus.com/insights/top-technology-market-research-companies-saudi-arabia-2026,0,8,0%,3.88
https://www.bionixus.com/pharmaceutical-market-research-italy,0,8,0%,4.38
https://www.bionixus.com/market-reports/egypt-oncology-market-report,0,8,0%,5.62
https://www.bionixus.com/blog/shift-to-always-on-quantitative-tracking-why-periodic-studies-are-dying,0,8,0%,5.75
https://www.bionixus.com/terms,0,8,0%,5.88
https://www.bionixus.com/market-reports/uae-respiratory-market-report,0,8,0%,6.38
https://www.bionixus.com/market-reports/china-oncology-market-report,0,8,0%,6.5
https://www.bionixus.com/kuwait-education-market-research,0,8,0%,6.62
https://www.bionixus.com/blog/pesquisa-mercado-farmaceutico-brasil-anvisa-2026,0,8,0%,6.88
https://www.bionixus.com/market-reports/camizestrant-nda-extension-2026,0,8,0%,7
https://www.bionixus.com/blog/vasa-lilly-tunelab-camkii-cardiovascular-ai-2026,0,8,0%,7.75
https://www.bionixus.com/banks-jordan,0,8,0%,8
https://www.bionixus.com/global-websites/nigeria,0,8,0%,8.25
https://www.bionixus.com/market-reports/egypt-neurology-cns-market-report,0,8,0%,8.38
https://www.bionixus.com/insights/top-medtech-market-research-companies-uae-2026,0,8,0%,9.25
https://www.bionixus.com/insights/top-retail-market-research-companies-qatar-2026,0,8,0%,9.62
https://www.bionixus.com/market-reports/kuwait-rare-diseases-market-report,0,8,0%,10.12
https://www.bionixus.com/insights/top-automotive-market-research-companies-egypt-2026,0,8,0%,11.38
https://www.bionixus.com/healthcare-market-research-argentina,0,8,0%,12.75
https://www.bionixus.com/healthcare-market-research-sweden,0,8,0%,12.75
https://www.bionixus.com/market-reports/therapy/immunology-biologics,0,8,0%,13.25
https://www.bionixus.com/insights/top-telecom-market-research-companies-qatar-2026,0,8,0%,13.5
https://www.bionixus.com/healthcare-market-research-oman,0,8,0%,13.75
https://www.bionixus.com/market-reports/japan-diabetes-market-report,0,8,0%,15.25
https://www.bionixus.com/uae-biotech-market-research,0,8,0%,16.5
https://www.bionixus.com/uae-financial-services-market-research,0,8,0%,18.25
https://www.bionixus.com/market-research/hospitality,0,8,0%,19.12
https://www.bionixus.com/oman-technology-market-research,0,8,0%,21.12
https://www.bionixus.com/denmark-medtech-market-research,0,8,0%,21.88
https://www.bionixus.com/healthcare-market-research/therapy/biosimilars,0,8,0%,31.25
https://www.bionixus.com/healthcare-market-research-canada,0,8,0%,48.38
https://www.bionixus.com/api/og-card?path=/healthcare-market-research/south-africa,0,8,0%,57.5
https://www.bionixus.com/market-reports/country/sweden,0,8,0%,60.25
https://www.bionixus.com/healthcare-market-research/dubai,0,8,0%,73.62
https://www.bionixus.com/healthcare-market-research/united-arab-emirates,0,8,0%,85.12
https://www.bionixus.com/es/insights,0,7,0%,1.57
https://www.bionixus.com/biotech-india,0,7,0%,2.71
https://www.bionixus.com/de/healthcare-market-research/germany,0,7,0%,3.71
https://www.bionixus.com/pharmaceutical-therapy-areas,0,7,0%,4.14
https://www.bionixus.com/insights/top-media-market-research-companies-kuwait-2026,0,7,0%,4.43
https://www.bionixus.com/saudi-arabia-consumer-health-market-research,0,7,0%,5
https://www.bionixus.com/egypt-consumer-health-market-research,0,7,0%,5.43
https://www.bionixus.com/market-reports/saudi-arabia-immunology-biologics-market-report,0,7,0%,5.43
https://www.bionixus.com/blog/pharmacies-saudi-arabia-market-research-marketing-automation,0,7,0%,5.71
https://www.bionixus.com/market-reports/itvisma-onasemnogene-sma-2026,0,7,0%,5.86
https://www.bionixus.com/market-reports/redemplo-plozasiran-2026,0,7,0%,6
https://www.bionixus.com/ar/blog,0,7,0%,6.29
https://www.bionixus.com/market-reports/india-immunology-biologics-market-report,0,7,0%,6.43
https://www.bionixus.com/market-reports/datroway-datopotamab-deruxtecan-2026,0,7,0%,6.57
https://www.bionixus.com/insights/top-public-sector-market-research-companies-egypt-2026,0,7,0%,6.71
https://www.bionixus.com/insights/top-biotech-market-research-companies-kuwait-2026,0,7,0%,6.86
https://www.bionixus.com/market-reports/gcc-biosimilars-market-report,0,7,0%,6.86
https://www.bionixus.com/pt/methodology,0,7,0%,7.43
https://www.bionixus.com/ar/pharmaceutical-companies-qatar,0,7,0%,8.43
https://www.bionixus.com/insights/top-medtech-market-research-companies-italy-2026,0,7,0%,9
https://www.bionixus.com/uae-media-market-research,0,7,0%,10.29
https://www.bionixus.com/methodology,0,7,0%,14.71
https://www.bionixus.com/market-research-bahrain,0,7,0%,14.86
https://www.bionixus.com/insights/top-consumer-health-market-research-companies-oman-2026,0,7,0%,18.43
https://www.bionixus.com/pharmaceutical-market-research-sweden,0,7,0%,19.71
https://www.bionixus.com/qatar-healthcare-market-report,0,7,0%,23.71
https://www.bionixus.com/market-reports/qatar-neurology-cns-market-report,0,7,0%,24.29
https://www.bionixus.com/uae-hospitality-market-research,0,7,0%,30.43
https://www.bionixus.com/market-reports/bahrain-biosimilars-market-report,0,7,0%,35.14
https://www.bionixus.com/qatar-public-sector-market-research,0,7,0%,37
https://www.bionixus.com/oman-media-market-research,0,7,0%,39.71
https://www.bionixus.com/uae-energy-market-research,0,7,0%,40.14
https://www.bionixus.com/insights/top-biotech-market-research-companies-bahrain-2026,0,7,0%,40.29
https://www.bionixus.com/healthcare-market-research/services/quantitative-research,0,7,0%,72.57
https://www.bionixus.com/api/og-card?path=/market-reports/uae-immunology-biologics-market-report,0,7,0%,93.86
https://www.bionixus.com/ar/healthcare-market-research,0,6,0%,2.33
https://www.bionixus.com/real-world-evidence-italy,0,6,0%,3.5
https://www.bionixus.com/healthcare-fieldwork-gcc,0,6,0%,3.67
https://www.bionixus.com/ar/market-research-kuwait,0,6,0%,4.33
https://www.bionixus.com/insights/top-fmcg-market-research-companies-uae-2026,0,6,0%,4.67
https://www.bionixus.com/bionixus-industries/insights/mdf-wood-manufacturing-market-research-trackers-mea,0,6,0%,4.83
https://www.bionixus.com/market-reports/egypt-vaccines-market-report,0,6,0%,5.33
https://www.bionixus.com/market-reports/uk-oncology-market-report,0,6,0%,5.33
https://www.bionixus.com/companies-in-oman,0,6,0%,5.67
https://www.bionixus.com/case-studies/cns-case-study,0,6,0%,6
https://www.bionixus.com/real-world-evidence-saudi-arabia,0,6,0%,6
https://www.bionixus.com/gcc-pharma-market-report-2026,0,6,0%,7
https://www.bionixus.com/market-reports/lilly-vaccine-ma-expansion-2026,0,6,0%,7
https://www.bionixus.com/zh/contact,0,6,0%,9
https://www.bionixus.com/insights/top-medtech-market-research-companies-switzerland-2026,0,6,0%,9.17
https://www.bionixus.com/zh/methodology,0,6,0%,9.17
https://www.bionixus.com/insights/top-pharmaceutical-market-research-companies-uae-2026,0,6,0%,9.83
https://www.bionixus.com/pt/contact,0,6,0%,9.83
https://www.bionixus.com/insights/top-market-research-companies-south-africa-2026,0,6,0%,10.17
https://www.bionixus.com/es/contact,0,6,0%,10.83
https://www.bionixus.com/global-websites/iraq,0,6,0%,10.83
https://www.bionixus.com/ru/contact,0,6,0%,11
https://www.bionixus.com/bionixus-industries/insights,0,6,0%,12
https://www.bionixus.com/market-research-egypt,0,6,0%,12.17
https://www.bionixus.com/usa-medtech-market-research,0,6,0%,13.83
https://www.bionixus.com/healthcare-market-research-new-zealand,0,6,0%,14.33
https://www.bionixus.com/market-reports/bahrain-immunology-biologics-market-report,0,6,0%,15.67
https://www.bionixus.com/real-world-evidence-bahrain,0,6,0%,25.67
https://www.bionixus.com/healthcare-market-research-ireland,0,6,0%,27.67
https://www.bionixus.com/market-reports/country/canada,0,6,0%,32.5
https://www.bionixus.com/market-reports/therapy/rare-diseases,0,6,0%,32.67
https://www.bionixus.com/desmoid-tumor-pharma-market-research,0,6,0%,33.33
https://www.bionixus.com/market-reports/turkey-immunology-biologics-market-report,0,6,0%,33.5
https://www.bionixus.com/kuwait-energy-market-research,0,6,0%,34.33
https://www.bionixus.com/healthcare-market-research/bahrain,0,6,0%,50.67
https://www.bionixus.com/global-websites/bahrain,0,6,0%,58.83
https://www.bionixus.com/real-world-evidence-united-states,0,6,0%,71.33
https://www.bionixus.com/healthcare-market-research/europe,0,6,0%,86.83
https://www.bionixus.com/insights/best-rare-disease-market-research-companies-2026,0,5,0%,2
https://www.bionixus.com/ar/insights/top-sharaket-abhath-alsuq-alsaudia-2026,0,5,0%,2.2
https://www.bionixus.com/healthcare-market-research/therapy/dermatology,0,5,0%,3.4
https://www.bionixus.com/ar/insights/top-market-research-companies-egypt-2026,0,5,0%,4
https://www.bionixus.com/ar/market-research-ksa,0,5,0%,4
https://www.bionixus.com/market-reports/tecartus-brexucabtagene-mcl-2026,0,5,0%,4.8
https://www.bionixus.com/insights/top-energy-market-research-companies-qatar-2026,0,5,0%,5.2
https://www.bionixus.com/market-reports/saudi-arabia-diabetes-market-report,0,5,0%,5.4
https://www.bionixus.com/market-reports/usa-immunology-biologics-market-report,0,5,0%,5.4
https://www.bionixus.com/insights/top-market-research-companies-new-zealand-2026,0,5,0%,5.8
https://www.bionixus.com/market-reports/country/kuwait,0,5,0%,5.8
https://www.bionixus.com/ar/blog/saudi-healthcare-market-research-guide-ar-2026,0,5,0%,6
https://www.bionixus.com/insights/top-energy-market-research-companies-oman-2026,0,5,0%,6
https://careers.bionixus.com/applications/16b9b8b2-483d-43ea-bb8b-bea5a710042f?lang=EN,0,5,0%,6.4
https://www.bionixus.com/pt/blog,0,5,0%,6.4
https://www.bionixus.com/market-reports/germany-respiratory-market-report,0,5,0%,7.2
https://careers.bionixus.com/applications/072a2ec9-7039-4e96-b58b-b0fe33f67db0?lang=EN,0,5,0%,8
https://www.bionixus.com/market-reports/egypt-immunology-biologics-market-report,0,5,0%,8
https://www.bionixus.com/blog/etudes-marche-pharmaceutique-france-2026,0,5,0%,8.2
https://www.bionixus.com/market-reports/zepbound-kwikpen-goodrx-2026,0,5,0%,8.2
https://www.bionixus.com/healthcare-market-research-usa,0,5,0%,8.4
https://www.bionixus.com/kuwait-retail-market-research,0,5,0%,8.6
https://www.bionixus.com/insights/top-telecom-market-research-companies-oman-2026,0,5,0%,8.8
https://www.bionixus.com/insights/top-hospitality-market-research-companies-kuwait-2026,0,5,0%,10.8
https://www.bionixus.com/healthcare-market-research/therapy/immunology,0,5,0%,11.4
https://www.bionixus.com/italy-oncology-antiinfective-market-access,0,5,0%,13
https://careers.bionixus.com/applications/084f22ad-0e47-4787-9ad1-6d7f3c1962bc?lang=EN,0,5,0%,14.4
https://www.bionixus.com/real-world-evidence-spain,0,5,0%,17.2
https://www.bionixus.com/healthcare-market-research/therapy/aesthetic-medicine,0,5,0%,17.8
https://www.bionixus.com/gcc-medical-devices-market-report,0,5,0%,20
https://www.bionixus.com/de/blog/deutsche-pharmaunternehmen-2026-pipeline-updates,0,5,0%,21.8
https://www.bionixus.com/insights/top-consumer-health-market-research-companies-qatar-2026,0,5,0%,24.6
https://www.bionixus.com/insights/top-healthcare-market-research-companies-oman-2026,0,5,0%,24.8
https://www.bionixus.com/blog/gcc-pharmaceuticals-market-2026,0,5,0%,25
https://www.bionixus.com/qatar-financial-services-market-research,0,5,0%,31
https://www.bionixus.com/qatar-medical-devices-market-report,0,5,0%,31.2
https://www.bionixus.com/brazil-medtech-market-research,0,5,0%,32.2
https://www.bionixus.com/insights/top-automotive-market-research-companies-kuwait-2026,0,5,0%,35.6
https://www.bionixus.com/oman-medical-devices-market-report,0,5,0%,37.2
https://www.bionixus.com/pharma-insights-kuwait,0,5,0%,39
https://www.bionixus.com/market-reports/bahrain-respiratory-market-report,0,5,0%,42.4
https://www.bionixus.com/bahrain-healthcare-market-report,0,5,0%,46.2
https://www.bionixus.com/ru/market-research-healthcare,0,5,0%,59
https://www.bionixus.com/saudi-arabia-energy-market-research,0,5,0%,63.6
https://www.bionixus.com/blog/market-research-pharmaceutical-market-access-uae,0,5,0%,79
https://www.bionixus.com/api/og-card?path=/market-reports/qatar-cardiovascular-market-report,0,5,0%,87.8
https://www.bionixus.com/es/about,0,4,0%,2.25
https://www.bionixus.com/global-websites/denmark,0,4,0%,3.5
https://www.bionixus.com/insights/top-healthcare-market-research-companies-singapore-2026,0,4,0%,3.5
https://www.bionixus.com/healthcare-market-research-france,0,4,0%,4.25
https://www.bionixus.com/kuwait-consumer-health-market-research,0,4,0%,4.5
https://www.bionixus.com/market-reports/turkey-rare-diseases-market-report,0,4,0%,4.5
https://www.bionixus.com/market-reports/egypt-biosimilars-market-report,0,4,0%,4.75
https://www.bionixus.com/market-reports/saudi-arabia-dermatology-market-report,0,4,0%,4.75
https://www.bionixus.com/ar/insights/top-market-research-companies-qatar-2026,0,4,0%,6
https://www.bionixus.com/home-staging,0,4,0%,6
https://www.bionixus.com/pharmaceutical-product-registration-saudi-arabia,0,4,0%,6
https://www.bionixus.com/healthcare-market-research/kenya,0,4,0%,6.25
https://www.bionixus.com/market-reports,0,4,0%,6.25
https://www.bionixus.com/market-reports/egypt-diabetes-market-report,0,4,0%,6.25
https://www.bionixus.com/market-reports/joenja-leniolisib-apds-2026,0,4,0%,6.5
https://www.bionixus.com/market-reports/uk-diabetes-market-report,0,4,0%,6.5
https://www.bionixus.com/privacy,0,4,0%,6.5
https://www.bionixus.com/saudi-arabia-real-estate-market-research,0,4,0%,6.75
https://www.bionixus.com/ar/blog/quantitative-market-research-and-market-access,0,4,0%,7
https://www.bionixus.com/market-reports/uae-digital-health-market-report,0,4,0%,7
https://www.bionixus.com/saudi-arabia-technology-market-research,0,4,0%,7.25
https://www.bionixus.com/ar/about,0,4,0%,7.5
https://www.bionixus.com/market-reports/oman-cardiovascular-market-report,0,4,0%,7.75
https://www.bionixus.com/market-research/telecom,0,4,0%,8
https://www.bionixus.com/market-reports/usa-cardiovascular-market-report,0,4,0%,8.25
https://www.bionixus.com/pharmaceutical-market-research-new-zealand,0,4,0%,8.25
https://www.bionixus.com/zh/blog,0,4,0%,8.25
https://www.bionixus.com/healthcare-market-research-qatar,0,4,0%,8.5
https://www.bionixus.com/market-reports/roche-pathai-acquisition-2026,0,4,0%,8.75
https://www.bionixus.com/market-reports/uae-diabetes-market-report,0,4,0%,9
https://www.bionixus.com/insights/top-real-estate-market-research-companies-kuwait-2026,0,4,0%,9.25
https://www.bionixus.com/market-reports/china-cardiovascular-market-report,0,4,0%,9.25
https://www.bionixus.com/healthcare-market-research/norway,0,4,0%,9.5
https://www.bionixus.com/insights/top-market-research-companies-tanzania-2026,0,4,0%,9.75
https://www.bionixus.com/market-reports/vasa-lilly-ai-cardio-2026,0,4,0%,10.25
https://www.bionixus.com/insights/top-medtech-market-research-companies-canada-2026,0,4,0%,11
https://www.bionixus.com/insights/top-real-estate-market-research-companies-saudi-arabia-2026,0,4,0%,11
https://www.bionixus.com/market-research-saudi-arabia-pharmaceutical,0,4,0%,12.5
https://www.bionixus.com/insights/top-retail-market-research-companies-saudi-arabia-2026,0,4,0%,15
https://www.bionixus.com/egypt-fmcg-market-research,0,4,0%,18
https://www.bionixus.com/egypt-energy-market-research,0,4,0%,19.75
https://www.bionixus.com/market-reports/kuwait-neurology-cns-market-report,0,4,0%,20.25
https://www.bionixus.com/pharmaceutical-distributors-china,0,4,0%,24.75
https://www.bionixus.com/insights/top-automotive-market-research-companies-bahrain-2026,0,4,0%,29.5
https://www.bionixus.com/api/og-card?path=/pharmaceutical-companies-kuwait,0,4,0%,54.25
https://www.bionixus.com/blog/quantitative-market-research-and-market-access,0,4,0%,58.5
https://www.bionixus.com/real-world-evidence-europe,0,4,0%,77.25
https://www.bionixus.com/de/about,0,3,0%,1.67
https://www.bionixus.com/pharmaceutical-distributors-bahrain,0,3,0%,2.67
https://www.bionixus.com/es/blog,0,3,0%,3
https://www.bionixus.com/insights/top-healthcare-market-research-companies-china-2026,0,3,0%,4
https://www.bionixus.com/market-reports/south-korea-oncology-market-report,0,3,0%,4.33
https://www.bionixus.com/market-reports/turkey-cardiovascular-market-report,0,3,0%,4.33
https://www.bionixus.com/healthcare-market-research-uk,0,3,0%,4.67
https://www.bionixus.com/insights/top-financial-services-market-research-companies-egypt-2026,0,3,0%,4.67
https://www.bionixus.com/market-reports/saudi-arabia-cardiovascular-market-report,0,3,0%,4.67
https://www.bionixus.com/market-reports/turkey-respiratory-market-report,0,3,0%,4.67
https://www.bionixus.com/market-research-healthcare,0,3,0%,5
https://www.bionixus.com/market-research/technology,0,3,0%,5
https://www.bionixus.com/real-world-evidence-egypt,0,3,0%,5
https://www.bionixus.com/blog/pharmaceutical-healthcare-market-research-gcc,0,3,0%,5.33
https://www.bionixus.com/insights/top-healthcare-market-research-companies-germany-2026,0,3,0%,5.67
https://www.bionixus.com/market-reports/qatar-cardiovascular-market-report,0,3,0%,5.67
https://www.bionixus.com/ru/bionixus-industries,0,3,0%,5.67
https://www.bionixus.com/blog/top-healthcare-market-research-firms-saudi-arabia,0,3,0%,6
https://www.bionixus.com/fr/strategic-portfolio,0,3,0%,6
https://www.bionixus.com/market-reports/uk-respiratory-market-report,0,3,0%,6
https://www.bionixus.com/de/methodology,0,3,0%,6.33
https://www.bionixus.com/market-reports/country/south-korea,0,3,0%,6.67
https://www.bionixus.com/real-world-evidence-oman,0,3,0%,6.67
https://www.bionixus.com/market-reports/uae-immunology-biologics-market-report,0,3,0%,7
https://www.bionixus.com/blog/pharmaceutical-market-research-uk-2026,0,3,0%,7.33
https://www.bionixus.com/market-reports/gcc-neurology-cns-market-report,0,3,0%,7.67
https://www.bionixus.com/insights/top-healthcare-market-research-companies-jordan-2026,0,3,0%,8
https://www.bionixus.com/insights/top-education-market-research-companies-oman-2026,0,3,0%,8.33
https://www.bionixus.com/market-reports/kuwait-diabetes-market-report,0,3,0%,8.33
https://www.bionixus.com/market-reports/qatar-diabetes-market-report,0,3,0%,8.33
https://www.bionixus.com/insights/top-public-sector-market-research-companies-kuwait-2026,0,3,0%,12
https://www.bionixus.com/egypt-real-estate-market-research,0,3,0%,13.67
https://www.bionixus.com/pharma-insights-bahrain,0,3,0%,14.67
https://www.bionixus.com/saudi-arabia-medtech-market-research,0,3,0%,15.67
https://www.bionixus.com/insights/top-financial-services-market-research-companies-oman-2026,0,3,0%,23.33
https://www.bionixus.com/blog/european-hta-regulation-2026-pharmaceutical-market-access-guide,0,3,0%,24.67
https://careers.bionixus.com/applications/5d2476af-cece-4631-af05-b5b5e253393b?lang=EN,0,3,0%,28
https://www.bionixus.com/healthcare-market-research/mexico,0,3,0%,29.67
https://www.bionixus.com/insights,0,3,0%,30.67
https://www.bionixus.com/market-research-ksa,0,3,0%,32
https://www.bionixus.com/insights/top-real-estate-market-research-companies-bahrain-2026,0,3,0%,33.33
https://www.bionixus.com/insights/top-pharmaceutical-market-research-companies-bahrain-2026,0,3,0%,34
https://www.bionixus.com/api/og-card?path=/market-reports/qatar-vaccines-market-report,0,3,0%,37.67
https://www.bionixus.com/kuwait-fmcg-market-research,0,3,0%,45
https://www.bionixus.com/insights/top-energy-market-research-companies-uae-2026,0,3,0%,50
https://www.bionixus.com/pharmaceutical-market-research-kuwait,0,3,0%,58
https://www.bionixus.com/insights/top-healthcare-market-research-companies-switzerland-2026,0,3,0%,59.33
https://www.bionixus.com/market-reports/country/bahrain,0,3,0%,65.67
https://www.bionixus.com/api/og-card?path=/market-reports/canada-oncology-market-report,0,3,0%,67
https://www.bionixus.com/insights/top-media-market-research-companies-qatar-2026,0,3,0%,81.33
https://www.bionixus.com/insights/top-pharmaceutical-market-research-companies-germany-2026,0,3,0%,83.67
https://www.bionixus.com/de/blog/pharmamarktforschung-deutschland-2026,0,2,0%,1
https://www.bionixus.com/es/healthcare-market-research,0,2,0%,1
https://www.bionixus.com/healthcare-market-research/,0,2,0%,1
https://www.bionixus.com/saudi-arabia-media-market-research,0,2,0%,1.5
https://www.bionixus.com/ar/blog/gcc-pharmaceuticals-market-arabic-2026,0,2,0%,2
https://www.bionixus.com/de/blog/gesundheitsmarkt-deutschland-2026,0,2,0%,2
https://www.bionixus.com/pharma-insights-uk,0,2,0%,2.5
https://www.bionixus.com/healthcare-market-research/therapy/cardiology,0,2,0%,3.5
https://www.bionixus.com/market-reports/bahrain-cardiovascular-market-report,0,2,0%,3.5
https://www.bionixus.com/market-reports/saudi-arabia-rare-diseases-market-report,0,2,0%,3.5
https://www.bionixus.com/ar/insights/top-sharaket-abhath-sihha-alsaudia-2026,0,2,0%,4
https://www.bionixus.com/blog/decnupaz-pivekimab-bpdcn-fda-approval-2026,0,2,0%,4.5
https://www.bionixus.com/real-world-evidence-qatar,0,2,0%,4.5
https://www.bionixus.com/blog/pesquisa-mercado-farmaceutico-brasil-2026,0,2,0%,5
https://www.bionixus.com/egypt,0,2,0%,5
https://www.bionixus.com/es/methodology,0,2,0%,5
https://www.bionixus.com/global-websites/turkey,0,2,0%,5
https://www.bionixus.com/pharmaceutical-companies-italy,0,2,0%,5
https://www.bionixus.com/blog/nmpa-pharmaceutical-market-research-china-2026,0,2,0%,5.5
https://www.bionixus.com/blog/pharmaceutical-market-research-china-2026,0,2,0%,5.5
https://www.bionixus.com/egypt-education-market-research,0,2,0%,5.5
https://www.bionixus.com/insights/top-media-market-research-companies-oman-2026,0,2,0%,5.5
https://www.bionixus.com/blog/physician-surveys-healthcare-digital-health-2026,0,2,0%,6
https://www.bionixus.com/insights/top-pharmaceutical-market-research-companies-brazil-2026,0,2,0%,6