Top queries,Clicks,Impressions,CTR,Position
bionixus,52,87,59.77%,1
ترتيب شركات الأدوية في مصر 2026,13,95,13.68%,2.95
pharmaceutical companies in egypt,9,154,5.84%,3.02
iqvia competitors,6,217,2.76%,3.57
fmcg companies in kenya,6,203,2.96%,3.98
pharmaceutical companies in kuwait,6,84,7.14%,4.74
fmcg,5,549,0.91%,6.35
top pharmaceutical companies in egypt,5,43,11.63%,2.84
health insurance companies in saudi arabia,5,35,14.29%,5.74
fmcg companies,4,305,1.31%,5.63
kuwait pharma company,4,54,7.41%,4.87
fmcg companies in lebanon,4,47,8.51%,5.06
pharmaceutical companies in uae,3,197,1.52%,6.41
top 10 pharmaceutical companies in egypt,3,60,5%,3.35
pharma companies in egypt,3,46,6.52%,3.26
companies similar to iqvia,3,27,11.11%,2.04
egypt pharmaceutical companies,3,26,11.54%,2.73
oman pharma company list,3,4,75%,2.75
pharma directory,3,3,100%,8
german banks,2,105,1.9%,5.36
kuwait pharmaceutical company,2,65,3.08%,6.74
pharma companies in kuwait,2,43,4.65%,3.72
top 100 pharmaceutical companies in egypt,2,31,6.45%,3.35
yes,2,29,6.9%,7
top 20 pharmaceutical companies in saudi arabia,2,26,7.69%,2.58
fmcg lebanon,2,26,7.69%,4.19
شركات الادوية فى مصر,2,19,10.53%,10.11
شركات الادوية في الكويت,2,15,13.33%,8.53
competitors of iqvia,2,14,14.29%,3.71
biotech companies in india,2,14,14.29%,16.21
iqvia competitor,2,11,18.18%,2.27
top 50 pharmaceutical companies in egypt,2,10,20%,1.6
top 10 pharmaceutical companies in kuwait,2,10,20%,3.8
top pharmaceutical companies in indonesia,2,8,25%,1.62
pharma companies in bahrain,2,7,28.57%,3.57
healthcare market research companies,1,478,0.21%,31.46
pharmaceutical,1,180,0.56%,8.24
market research companies in qatar,1,163,0.61%,14.55
healthcare research companies,1,93,1.08%,27.69
pharma companies in uae,1,87,1.15%,5.15
top biotech companies in india,1,78,1.28%,13.28
fmcg companies in saudi arabia,1,77,1.3%,12.6
market research companies in egypt,1,63,1.59%,26.32
top 10 biotechnology company in india,1,54,1.85%,10.2
healthcare market research companies in usa,1,51,1.96%,43.94
fmcg companies in bahrain,1,46,2.17%,11.22
bahrain pharma,1,42,2.38%,8.14
iqvia lebanon,1,42,2.38%,9.43
uae pharmaceutical companies,1,39,2.56%,5.9
نعم,1,34,2.94%,5.88
health market research companies,1,34,2.94%,38.56
pharma company in kuwait,1,33,3.03%,5.33
spanish banks,1,31,3.23%,13.06
top 10 pharmaceutical companies in uae,1,30,3.33%,5.07
multinational pharmaceutical companies in egypt,1,29,3.45%,2.93
kuwait pharmaceutical companies,1,29,3.45%,6.14
top 10 pharmaceutical companies in saudi arabia,1,28,3.57%,5.32
pharma companies dubai,1,28,3.57%,8.46
top 20 pharmaceutical companies in egypt,1,27,3.7%,1.63
egypt pharma,1,27,3.7%,3.85
top 10 logistics companies in oman,1,25,4%,5.84
pharmaceutical companies in bahrain,1,22,4.55%,5.32
who are iqvia competitors,1,18,5.56%,4.06
market research companies in abu dhabi,1,17,5.88%,8.12
fmcg brands,1,15,6.67%,6.87
more,1,14,7.14%,6
أشهر شركات الأدوية في مصر,1,13,7.69%,1.85
list of pharmaceutical companies in uae,1,13,7.69%,3.69
top biological company in india,1,13,7.69%,6.08
pharmacy company,1,13,7.69%,6.92
medtech companies switzerland,1,13,7.69%,7.46
pharma company in dubai,1,13,7.69%,7.54
fmcg companies in riyadh,1,13,7.69%,10.46
pharmaceutical industry in egypt,1,12,8.33%,2.25
top local pharmaceutical companies in egypt,1,11,9.09%,1.55
best health insurance company in saudi arabia,1,11,9.09%,3.73
dubai pharma company list,1,11,9.09%,5.91
pharmaceutical manufacturers in egypt,1,10,10%,4.1
dubai medicine company,1,10,10%,6
list of bank in germany,1,10,10%,8.7
top 10 pharmaceutical companies in indonesia,1,9,11.11%,4.67
fmcg kenya,1,9,11.11%,5.22
medical device companies in switzerland,1,9,11.11%,5.78
شركات ادوية,1,9,11.11%,7.33
saudi arabia pharmaceutical companies,1,9,11.11%,7.78
top fmcg companies in indonesia,1,8,12.5%,5.75
top 10 fmcg companies in indonesia,1,8,12.5%,7.38
list of manufacturing companies in saudi arabia,1,8,12.5%,8.25
health insurance companies,1,8,12.5%,9.38
fmcg pakistan,1,7,14.29%,4.86
list of pharmaceutical companies,1,7,14.29%,10.86
nielsen market research competitors,1,7,14.29%,16
pharma companies in oman,1,6,16.67%,3.67
pharma company in oman,1,6,16.67%,3.83
pharmaceutical companies in qatar,1,6,16.67%,4.67
banks of morocco,1,6,16.67%,8.33
market research companies in morocco,1,6,16.67%,9.33
mnc pharma companies,1,5,20%,6.4
شركه ادويه,1,5,20%,15
pharmaceutical companies in gulf countries,1,4,25%,2.5
top 10 fmcg companies in pakistan,1,4,25%,2.5
top 10 market research companies in canada,1,4,25%,4.25
list of pharmaceutical companies in dubai,1,4,25%,5.25
list of pharmaceutical companies in uae with email address,1,4,25%,5.5
top 10 food companies in saudi arabia,1,4,25%,9.25
qatar bank list,1,4,25%,10.25
saudi arabia top construction company list,1,4,25%,14.75
bionixus company,1,3,33.33%,1
saudi german hospital insurance list,1,3,33.33%,1
medical devices companies in egypt,1,3,33.33%,2
marcyrl,1,3,33.33%,4.33
ranking pharmaceutical companies 2026,1,3,33.33%,4.67
top 10 pharmaceutical companies in qatar,1,3,33.33%,6
ams data iraq 2026,1,3,33.33%,9.33
australian pharma companies,1,3,33.33%,11.33
pharma manufacturing companies in dubai,1,3,33.33%,16
saudi pharmaceutical company,1,3,33.33%,16.33
mars wrigley kenya,1,2,50%,3
iran pharma companies,1,2,50%,5.5
pharmaceutical companies in riyadh,1,2,50%,19.5
medical device companies scotland,1,2,50%,48
manufacturing companies in ksa,1,1,100%,1
market consumer research,1,1,100%,1
more names,1,1,100%,1
you do it for me,1,1,100%,1
company fmcg,1,1,100%,2
example of fmcg,1,1,100%,2
examples of fmcg companies,1,1,100%,2
for pharma,1,1,100%,2
insurance names health,1,1,100%,2
list all the companies,1,1,100%,2
medical research companies near me,1,1,100%,2
pharco,1,1,100%,2
research team,1,1,100%,2
top fifty,1,1,100%,2
نعم أريد,1,1,100%,2
hardware suppliers in saudi arabia,1,1,100%,3
clarivate,1,1,100%,4
fmcg trading companies,1,1,100%,4
ف السعوديه,1,1,100%,4
في تاني ولا دول بس,1,1,100%,4
name all of them,1,1,100%,5
peace world group,1,1,100%,5
jbc oman,1,1,100%,6
give me sources,1,1,100%,7
do the same for brazil,1,1,100%,8
in malaysia?,1,1,100%,8
perusahaan farmasi terbaik di indonesia,1,1,100%,11
construction companies in jeddah saudi arabia,1,1,100%,67
cairo hospitals healthcare 2023-2026,0,6645,0%,1.93
healthcare market research,0,623,0%,33.57
healthcare market research agencies,0,234,0%,29.98
healthcare market research company,0,227,0%,27.63
healthcare market research agency,0,223,0%,28.35
oil and gas procurement companies,0,219,0%,71.27
medical market research,0,203,0%,42.61
pharmaceutical companies brazil therapeutic areas oncology cardiology,0,199,0%,9.95
singapore pharma market,0,169,0%,23.15
medtech manufacturing singapore,0,158,0%,26.27
singapore medtech industry,0,158,0%,38.35
healthcare market research firms,0,157,0%,35.57
pharma market research companies,0,156,0%,32.49
pharmaceutical companies in dubai,0,148,0%,6.74
pharma market research,0,144,0%,21.59
healthcare market research services,0,144,0%,24.15
healthcare market research poland,0,139,0%,11.24
pharmaceutical companies,0,139,0%,12.56
sfda biosimilar,0,138,0%,10.28
pharmaceutical market research companies,0,133,0%,32.18
pharma competitive intelligence,0,130,0%,68.07
fmcg company,0,126,0%,4.67
fmcg companies in pakistan,0,125,0%,4.84
singapore medical devices,0,124,0%,23.34
sweden pharmaceutical market,0,117,0%,14.62
pharmaceutical market research firms,0,114,0%,22.29
pharmaceutical market research,0,111,0%,23.25
heor consulting,0,110,0%,40.07
pharmaceutical company,0,106,0%,11.17
healthcare marketing research companies,0,106,0%,24.25
market access services,0,104,0%,16.51
top pharmaceutical market research companies,0,103,0%,21.02
biotechnology companies in saudi arabia,0,101,0%,37.27
pharma market access services,0,98,0%,24.52
medical device market,0,95,0%,54.96
pharmaceutical competitive intelligence,0,95,0%,57.45
saudi arabia home infusion therapy market,0,94,0%,43.81
market access companies,0,92,0%,38.15
healthcare bioconvergence market,0,92,0%,47.28
best services for pharmaceutical market access besides iqvia,0,91,0%,4.14
middle east and africa clinical trial imaging market,0,87,0%,49.54
healthcare marketing research agencies,0,86,0%,28.66
leading company in health sector peru,0,84,0%,4.68
japan medical disposables market,0,84,0%,8.68
healthcare market research company in us,0,84,0%,25.61
looking for something better than iqvia,0,83,0%,4.34
pharma companies in dubai,0,83,0%,8.16
gcc generic injectables market,0,83,0%,31.04
healthcare market analysis,0,83,0%,41.49
latest pharmaceutical market news brazil regulation science health,0,81,0%,7.48
banks in morocco,0,81,0%,10.9
pharma company,0,81,0%,14.78
gcc biologic therapy market,0,79,0%,15.11
pharma supply chain companies,0,78,0%,58.22
italy portable diagnostic devices market,0,77,0%,6.34
pharmaceutical market,0,77,0%,34.1
medical companies in uae,0,76,0%,9.04
medical device manufacturer,0,75,0%,54.21
gcc biologics market,0,74,0%,6.23
gcc functional service providers market,0,73,0%,12.62
pharmaceutical companies dubai,0,72,0%,7.67
healthcare marketing research,0,72,0%,42.21
us medical second opinion market,0,71,0%,83.15
"europe, the middle east and africa cell counting market",0,70,0%,40.43
quantitative medical market research,0,70,0%,45.56
french banks,0,69,0%,13.12
market access solutions,0,69,0%,45.09
us clinical trials market,0,68,0%,68.49
fmcg companies in oman,0,67,0%,6.6
account level data,0,66,0%,8.09
pharmaceutical product registration in saudi arabia,0,66,0%,12.03
gulf cooperation council in vitro diagnostic market,0,66,0%,45.67
gcc medication management market,0,65,0%,5.03
companies like iqvia,0,64,0%,3.05
nielsen competitors,0,64,0%,7.48
medical devices market,0,64,0%,45.55
heor services,0,64,0%,50.14
competitor label analysis in pharma,0,63,0%,77.13
sfda drug registration,0,62,0%,15.39
healthcare companies in uae,0,62,0%,21.94
gcc big data pharmaceutical advertising market,0,61,0%,15.26
medical market research companies,0,61,0%,25.13
healthcare market research firm,0,61,0%,41.56
who are the biggest market research companies in healthcare,0,60,0%,22.12
top healthcare market research companies,0,60,0%,28.55
turkey diabetes market,0,59,0%,6.88
india medical device market access,0,59,0%,15.34
market research companies warsaw,0,59,0%,15.73
market access consulting,0,59,0%,64.47
pharmaceutical industry,0,58,0%,10.98
medical device manufacturers,0,58,0%,25.97
gcc healthcare regulatory affairs outsourcing market,0,58,0%,32.41
site:www.bionixus.com,0,58,0%,34.62
pharmaceutical market research companies in dubai,0,58,0%,39.02
qatar banks,0,57,0%,9.37
biomedical companies in uae,0,57,0%,10.09
market access solution,0,57,0%,37.32
healthcare competitive intelligence,0,57,0%,49.54
which firms specialize in healthcare technology market research?,0,56,0%,3.84
italy medical device connectivity market,0,56,0%,8.98
japan disposable hospital supplies market,0,56,0%,17.18
italy precision medical device market,0,56,0%,37.14
gcc biosimilar contract manufacturing market,0,56,0%,53.45
egypt pharma for pharmaceutical,0,55,0%,3.2
banks in germany,0,55,0%,8.2
gcc drug repurposing market,0,55,0%,14.73
gcc montelukast api market,0,55,0%,19.67
pharmaceutical market research company,0,55,0%,27.15
gcc vaccine market,0,55,0%,27.31
healthcare research firms,0,55,0%,35.73
gcc healthcare business intelligence market,0,54,0%,40.48
competitive intelligence pharma,0,54,0%,48.06
saudi arabia biosimilar market,0,53,0%,8.11
febrile neutropenia market,0,53,0%,8.87
pharmaceutical obesity treatments 2026,0,53,0%,9.6
market research companies poland,0,53,0%,12.53
gcc respiratory drugs market,0,53,0%,13.3
gcc over the counter healthcare market,0,53,0%,18.96
insurance companies in saudi arabia,0,53,0%,19.53
us precision medical devices market,0,53,0%,24.28
gcc pharmacovigilance market,0,53,0%,25.09
gcc pharmacy management system market,0,53,0%,28.47
gcc clinical trials market,0,53,0%,29.45
italy medical device market,0,53,0%,36.45
gcc personalized medicine market,0,53,0%,36.79
market access analytics platform,0,53,0%,45.83
us healthcare bioconvergence market,0,53,0%,47.96
gcc daptomycin market,0,52,0%,23.62
market research healthcare companies,0,52,0%,27.38
healthcare market research solutions,0,52,0%,30.17
spain functional service providers market,0,52,0%,38.69
uk biologics market,0,51,0%,21.98
market research firms healthcare,0,51,0%,25.71
italy refurbished medical devices market,0,51,0%,40.96
uk clinical trials market,0,51,0%,41.55
china medical device market access,0,50,0%,9.22
health medicine news brazil 2026,0,50,0%,9.28
gcc generic pharmaceuticals market,0,50,0%,16.24
italy functional service providers market,0,50,0%,19.32
france high throughput screening market,0,50,0%,32.94
biotechnology companies in india,0,50,0%,38.26
italy medical device second opinion market,0,50,0%,50.82
gcc eclinical solution market,0,50,0%,63.06
pharmaceutical industry in dubai,0,49,0%,11.39
gcc montelukast intermediate market,0,49,0%,23.45
spain high throughput screening market,0,49,0%,35.57
iqvia alternatives,0,48,0%,3.96
kantar egypt market research,0,48,0%,9.58
education market research firms,0,48,0%,16.06
gcc gout market,0,48,0%,18.29
gcc medical writing market,0,48,0%,23.25
gcc articaine hydrochloride market,0,48,0%,27.85
gcc centralised workstations market,0,48,0%,30.5
medical market research company,0,48,0%,34.31
gcc regulatory technology market,0,48,0%,35.23
india medical devices market,0,48,0%,36.25
france functional service providers market,0,48,0%,38.06
spain microservices healthcare market,0,48,0%,38.83
nupco tender,0,47,0%,9.45
singapore ivd testing,0,47,0%,17.7
gcc electronic pill market,0,47,0%,22.62
gcc anti hypertensive drugs market,0,47,0%,30.81
gcc healthcare consulting services market,0,47,0%,37.19
estudios de mercado sector salud,0,47,0%,45.62
pharma market intelligence,0,47,0%,61.36
pharmaceutical market intelligence consulting,0,47,0%,63.55
best group health insurance ksa,0,46,0%,16.41
syndicated healthcare market research,0,46,0%,17
gcc morphine market,0,46,0%,23.35
healthcare market access,0,46,0%,24.89
gcc drug infusion system market,0,46,0%,32.17
uk biopharmaceuticals market,0,46,0%,34.37
south korea cardiovascular information system market,0,46,0%,35.8
gcc pharmaceutical analytical testing outsourcing market,0,46,0%,35.89
market research pharmaceutical companies,0,46,0%,42.09
italy neurology devices market,0,46,0%,46.26
gcc biobanking market,0,46,0%,58.83
italian banks,0,45,0%,9.93
market access research,0,45,0%,21.67
gcc heart failure drugs market,0,45,0%,38.62
us medical devices market,0,45,0%,40.91
gcc healthcare data storage market,0,45,0%,49.22
gcc healthcare payer services market,0,45,0%,52.09
italy emergency medical device services market,0,45,0%,55.67
spain personalized medicine market,0,45,0%,58.13
south america life sciences bpo market,0,45,0%,58.73
us intracranial hemorrhage diagnosis and treatment market,0,45,0%,61.36
singapore ivd market access,0,44,0%,1.68
gcc mrsa drugs market,0,44,0%,20.95
spain medical devices market,0,44,0%,27.34
pharmaceutical company market research company in dubai,0,44,0%,36.59
south korea heart tumor market,0,44,0%,37.68
us healthcare oem manufacturers market,0,44,0%,39.77
india precision medical device market,0,44,0%,43.36
italy biopsy devices market,0,44,0%,45.91
spain emergency medical device services market,0,44,0%,49.68
gcc facial injectable market,0,44,0%,52.48
south korea personalized medicine market,0,44,0%,57.59
gcc viscosupplementation market,0,44,0%,61.32
cegedim analyst price target disagreement,0,43,0%,4.19
pharmaceutical companies in dubai uae,0,43,0%,8.58
pharmacy market intelligence consultants,0,43,0%,17.53
gcc pain relief medication market,0,43,0%,18.16
medical device companies,0,43,0%,19.53
us medical device accessories market,0,43,0%,37.07
south korea microservices healthcare market,0,43,0%,37.6
spain nanomedicine market,0,43,0%,47.67
gcc keytruda market,0,43,0%,61.3
us medical automation market,0,43,0%,66.44
uk personalized medicine market,0,43,0%,69.07
spain life sciences bpo market,0,43,0%,70.58
health economics consultancy,0,43,0%,86.05
pharmaceutical manufacturing companies in dubai,0,42,0%,7.57
[nielsen alternative],0,42,0%,13.05
pharma industry,0,42,0%,18.57
medical device market access in singapore,0,42,0%,18.62
market research companies,0,42,0%,23.5
market research pharma,0,42,0%,24.79
china biologic therapy market,0,42,0%,40.29
healthcare market research consulting,0,42,0%,40.76
gcc pharmacy market,0,42,0%,41.31
gcc medicinal plant extracts market,0,42,0%,43.24
gcc healthcare analytics market,0,42,0%,47.14
gcc non clinical information system market,0,42,0%,52.95
gcc biochips market,0,42,0%,53.69
spain clinical trials market,0,42,0%,53.88
pharmaceutical market access consulting,0,42,0%,61.74
us healthcare regulatory affairs outsourcing market,0,42,0%,70.24
us uti drugs market,0,42,0%,77.05
market access consultancy,0,42,0%,78.45
nielsen alternative,0,41,0%,12.54
health insurance for corporates in saudi arabia,0,41,0%,18.22
germany biologics market,0,41,0%,18.88
china biologics market,0,41,0%,19.27
japan medical device market access,0,41,0%,22.02
gcc immunosuppressive drugs market,0,41,0%,24.61
gcc carboprost tromethamine market,0,41,0%,29.88
medical device market access in japan,0,41,0%,31.29
uk microservices healthcare market,0,41,0%,39.41
italy gynecological devices instruments market,0,41,0%,48.07
france biologic therapy market,0,41,0%,54.76
china theranostics market,0,41,0%,60.9
gcc intravenous solution market,0,41,0%,60.95
south america functional service providers market,0,41,0%,62.46
france personalized medicine market,0,41,0%,68.44
india medication management market,0,41,0%,72.17
us pharmaceutical quality control market,0,41,0%,72.83
us immunoassay market,0,41,0%,73.07
group health insurance plans saudi arabia,0,40,0%,23.5
pharmaceuticals market research company in dubai,0,40,0%,37.08
france life science analytics market,0,40,0%,45.92
gcc precision medical devices market,0,40,0%,46.12
us medical devices reimbursement market,0,40,0%,46.5
france microservices healthcare market,0,40,0%,47.92
japan fibroscan market,0,40,0%,48.62
france clinical trials market,0,40,0%,55.7
brazil pharmaceutical industry market,0,40,0%,56.3
gcc healthcare crm market,0,40,0%,63.25
gcc immunofluorescence assay market,0,40,0%,63.42
gcc vanishing bone disease market,0,40,0%,64.53
gcc microservices healthcare market,0,40,0%,64.97
us non clinical information system market,0,40,0%,65.55
gcc nuclear magnetic resonance spectroscopy market,0,40,0%,70.42
us intrauterine contraceptive devices market,0,40,0%,86.3
us medical writing market,0,40,0%,91.75
pharma egypt,0,39,0%,5.13
what are top organizations in the brazilian consumer behavior research space,0,39,0%,8.77
dubai pharma company,0,39,0%,9.79
data collection research companies warsaw,0,39,0%,11.15
pharmaceuticals dubai,0,39,0%,11.28
pharma marketing research,0,39,0%,22.77
south korea cardiovascular devices market,0,39,0%,26.26
pharma market research company,0,39,0%,30.41
pharmaceutical market research firms in dubai,0,39,0%,41.31
drug reconstitution market,0,39,0%,49.74
south korea medical device connectivity market,0,39,0%,57.05
france keytruda market,0,39,0%,59.15
gcc compounding chemotherapy market,0,39,0%,59.51
north america pharma cloud services market,0,39,0%,67.05
us colposcopy market,0,39,0%,67.05
us medication management market,0,39,0%,80.9
pharmaceutical suppliers,0,38,0%,9.95
china medical device connectivity market,0,38,0%,19.76
pharma market research firm,0,38,0%,25.89
gcc herbal nanomedicine market,0,38,0%,31.71
gcc medical carts market,0,38,0%,43.29
healthcare market research agencies in dubai,0,38,0%,44.11
gcc physician groups market,0,38,0%,47.24
gcc herg screening market,0,38,0%,55.05
us genitourinary drugs market,0,38,0%,63.61
france contract research organization market,0,38,0%,64.29
france preclinical cro market,0,38,0%,69.32
gcc growth hormone deficiency market,0,38,0%,77.21
dubai pharmaceutical companies,0,37,0%,7.38
pharmaceutical industries in dubai,0,37,0%,8.16
morocco banks,0,37,0%,8.22
pharmaceutical industry market research,0,37,0%,22.3
singapore pharmaceutical market,0,37,0%,24.35
australia medical device market access,0,37,0%,36.54
india medical device connectivity market,0,37,0%,38.05
gcc high throughput screening market,0,37,0%,54.3
uk medication management market,0,37,0%,57.51
gcc downstream processing market,0,37,0%,58.92
us hemostats market,0,37,0%,61.3
spain medical writing market,0,37,0%,63
us hemorrhoids treatment market,0,37,0%,70.08
gcc metabolomics services market,0,37,0%,71.35
marketing research companies poland,0,36,0%,9.94
global value dossier,0,36,0%,10.14
pharma companies,0,36,0%,11.97
singapore medical device market access,0,36,0%,13.39
full service healthcare market research agency,0,36,0%,23.47
pharmacy market intelligence consulting,0,36,0%,25.86
china catheter securement device market,0,36,0%,33.19
medical devices singapore,0,36,0%,36.69
healthcare competitive intelligence services,0,36,0%,36.89
saudi arabia precision medicine market,0,36,0%,37.44
healthcare industry market research in dubai,0,36,0%,38.19
gcc pain patch market,0,36,0%,39.75
pharmaceutical industry research,0,36,0%,39.75
gcc theranostics market,0,36,0%,43.11
uk big data pharmaceutical advertising market,0,36,0%,49.72
medical research and innovation consulting services market,0,36,0%,53.56
spain non clinical information system market,0,36,0%,60.36
gcc life sciences bpo market,0,36,0%,65.36
gcc homeopathy market,0,36,0%,67.56
americas safety lancet market,0,36,0%,70.47
us healthcare crm market,0,36,0%,73.06
south america microservices healthcare market,0,36,0%,75.39
us anemia drugs market,0,36,0%,82.61
medical device distributors in mexico,0,35,0%,17.74
nexus market access,0,35,0%,28.6
saudi arabia biomarkers market,0,35,0%,33.6
saudi arabia spectrometry market,0,35,0%,38.74
kol mapping,0,35,0%,46.74
spain pharmacy benefit management services market,0,35,0%,50.77
gcc healthcare information systems market,0,35,0%,57.49
gcc nano biotechnology market,0,35,0%,58.8
gcc medical tourism market,0,35,0%,64.8
competitive intelligence pharmaceutical industry,0,35,0%,73.06
us pharmacovigilance market,0,35,0%,86.54
"china vbp coronary stents 2020 announcement date effective date average 
price cut",0,34,0%,3.68
european pharmaceuticals distributor kuwait,0,34,0%,6
moroccan banks,0,34,0%,7.74
medicine company in dubai,0,34,0%,8.85
marketing research companies warsaw,0,34,0%,10.41
top pharmaceutical industries,0,34,0%,12.15
china healthcare regulatory affairs outsourcing market,0,34,0%,31.21
medical device singapore,0,34,0%,33.97
china radial artery compression devices market,0,34,0%,36.94
gcc migraine drugs market,0,34,0%,46.76
spain medical carts market,0,34,0%,59.12
medical research companies,0,34,0%,64.65
heor pharma,0,34,0%,73.53
spain big data pharmaceutical advertising market,0,34,0%,73.71
us theranostics market,0,34,0%,78.94
us healthcare contract manufacturing market,0,34,0%,80.65
americas healthcare archiving and ediscovery market,0,34,0%,82.76
biomedical r&d category strategy,0,34,0%,88.76
fmcg markaları,0,33,0%,7.3
banks in qatar,0,33,0%,10.12
fmcg companies in kuwait,0,33,0%,11.45
pharma dubai,0,33,0%,13.15
italy keytruda market,0,33,0%,30.24
china general surgical devices market,0,33,0%,33.39
saudi arabia genetic testing market,0,33,0%,33.88
competitive intelligence in pharma,0,33,0%,35.24
gcc active pharmaceutical ingredient for cancer market,0,33,0%,35.73
gcc medical device devices market,0,33,0%,37.55
china cardiovascular devices market,0,33,0%,37.61
uk medical devices market,0,33,0%,42.36
us nanomedicine market,0,33,0%,69.12
healthcare market insights,0,33,0%,76.15
us hemangioblastoma market,0,33,0%,79.67
us personalized medicine market,0,33,0%,92.55
pharma packing companies in uae,0,32,0%,7.03
germany banks,0,32,0%,7.44
pharmaceutical distribution companies in uae,0,32,0%,9.66
top pharma company in dubai,0,32,0%,9.97
top companies in pharma,0,32,0%,11.28
pharmaceutical companies in dubai healthcare city,0,32,0%,16.97
saudi arabia generic injectables market,0,32,0%,18.81
saudi arabia biologics market,0,32,0%,20.16
china precision medical device market,0,32,0%,26.56
uk pharmaceutical market,0,32,0%,26.97
healthcare industry market research,0,32,0%,28.38
gcc chorea market,0,32,0%,30.25
uk functional service providers market,0,32,0%,33.25
middle east biomarkers market,0,32,0%,44.38
pharmaceutical market intelligence consultants,0,32,0%,47.81
spain medication management market,0,32,0%,66.88
us life sciences bpo market,0,32,0%,82.22
medicine manufacturing companies in uae,0,31,0%,5.81
"welche klinischen und regulatorischen meilensteine sind für bayers 
pharmapipeline zu erwarten?",0,31,0%,5.9
moroccan healthcare product competitors,0,31,0%,9.42
leading company in health sector colombia,0,31,0%,11.29
saudi arabia cancer diagnostics market,0,31,0%,16.84
gcc drug registration,0,31,0%,17.19
pharma logistics companies in uae,0,31,0%,20.42
medical device market access in india,0,31,0%,22.29
saudi arabia pharmaceutical labeling market,0,31,0%,23.61
entry health medical market,0,31,0%,24.52
india emergency medical device services market,0,31,0%,28.74
china medical automation market,0,31,0%,29.48
gcc thrombus treatment market,0,31,0%,30.52
germany biologic therapy market,0,31,0%,31.45
germany functional service providers market,0,31,0%,31.65
pharma market research firms,0,31,0%,35.94
healthcare research company,0,31,0%,38.77
gcc medical automation market,0,31,0%,50.58
kol mapping pharma,0,31,0%,50.81
"europe, middle east and africa gastrointestinal drugs market",0,31,0%,56.32
refinery procurement,0,31,0%,66.29
us hematuria treatment market,0,31,0%,67.45
us healthcare bpo market,0,31,0%,81.16
u.s. personalized medicine market,0,31,0%,92.19
what are best obesity research companies,0,30,0%,2.03
school market research bahrain,0,30,0%,4
egypt pharmaceutical market,0,30,0%,11.03
pharma companies in dubai healthcare city,0,30,0%,15
china cardiac implants market,0,30,0%,24.13
medical device company,0,30,0%,28.13
gcc cancer biologic therapy market,0,30,0%,32.97
gcc addiction treatment market,0,30,0%,33.53
healthcare market research in dubai,0,30,0%,33.63
gcc hemangioblastoma market,0,30,0%,35.17
germany atherosclerosis market,0,30,0%,35.5
saudi arabia dna testing market,0,30,0%,36.93
saudi arabia prefilled syringes market,0,30,0%,38.3
saudi arabia generic drug market,0,30,0%,42.97
gcc immunoassay market,0,30,0%,44.97
heor,0,30,0%,46.03
us m health device market,0,30,0%,47.53
life science market research companies,0,30,0%,49.43
gcc clinical data analytics market,0,30,0%,52.2
china cardiovascular information system market,0,30,0%,54.37
medical device market access,0,30,0%,54.5
italy personalized medicine market,0,30,0%,55
spain contract research organization market,0,30,0%,56.97
gcc e-health market,0,30,0%,57.27
uk high throughput screening market,0,30,0%,57.43
italy medical carts market,0,30,0%,61.73
gcc formulation development outsourcing market,0,30,0%,62.5
us biologics market,0,30,0%,73.47
us biologic therapy market,0,30,0%,77.23
us malabsorption syndrome market,0,30,0%,79.27
us hydroxychloroquine market,0,30,0%,93.07
health industries research companies,0,29,0%,10.9
research companies in uae,0,29,0%,22.59
pharmaceutical marketing research,0,29,0%,22.9
market research for healthcare,0,29,0%,23.07
healthcare companies in abu dhabi,0,29,0%,25.03
egypt medical device market,0,29,0%,27.07
best healthcare market research firm,0,29,0%,31.86
gcc nutraceuticals market,0,29,0%,33.28
gcc pharmaceutical market,0,29,0%,37.14
china coronary angiography devices market,0,29,0%,38.38
italy high throughput screening market,0,29,0%,39.9
china neurology devices market,0,29,0%,41.21
japan medical device expedited market access,0,29,0%,43.66
saudi arabia proteomics market,0,29,0%,43.66
china voice prosthesis devices market,0,29,0%,44.28
uae mhealth market,0,29,0%,45.17
china medical billing outsourcing market,0,29,0%,45.28
china immunoassay market,0,29,0%,47.59
medical industry market,0,29,0%,52.45
gcc intravenous solutions market,0,29,0%,56.79
competitive intelligence tools pharma,0,29,0%,64.45
china medical imaging displays market,0,29,0%,64.9
us medical propellants market,0,29,0%,66.17
clinical research uae,0,29,0%,77.03
us population health management market,0,29,0%,90.03
us fabry disease market,0,29,0%,91.45
what are the top obesity research companies,0,28,0%,4.89
what are the best iqvia alternatives for hcp audience targeting?,0,28,0%,6.75
pharmaceutical analytics companies,0,28,0%,9.32
companies in egypt,0,28,0%,11.93
doxorubicin market,0,28,0%,12.64
china portable diagnostic devices market,0,28,0%,35.11
saudi arabia pharmaceuticals market,0,28,0%,35.18
"europe, middle east & africa healthcare archiving and ediscovery market",0,28,0%,35.61
gcc biotechnology pharmaceutical services outsources market,0,28,0%,43.43
spain precision medical devices market,0,28,0%,43.82
gcc biosurgery market,0,28,0%,46.07
china heart pump devices market,0,28,0%,46.21
saudi arabia bioinformatics market,0,28,0%,50.57
us nanomedical devices market,0,28,0%,53.32
china medical simulation market,0,28,0%,56.29
gcc leigh syndrome treatment market,0,28,0%,59.68
us pharmaceutical manufacturing equipment market,0,28,0%,62.71
us pharmaceutical warehousing market,0,28,0%,67.46
us intravenous solution market,0,28,0%,82.93
rank the best obesity research companies,0,27,0%,5.96
manufacturing companies in saudi arabia,0,27,0%,7.04
pharma packing companies in dubai,0,27,0%,7.3
top pharmaceutical companies,0,27,0%,10.89
medical devices service market,0,27,0%,23.44
medical devices china,0,27,0%,24.93
health market research,0,27,0%,26.74
gcc pharmaceuticals market,0,27,0%,29.78
australia ivd market access,0,27,0%,30.48
gcc cough syrup market,0,27,0%,31
gcc generic drug market,0,27,0%,35.26
south korea fibroscan market,0,27,0%,35.33
saudi arabia biomaterials market,0,27,0%,43.15
china refurbished medical devices market,0,27,0%,45.85
gcc gene expression analysis market,0,27,0%,45.89
gcc e-pharmacy market,0,27,0%,47.81
saudi arabia hormone replacement therapy market,0,27,0%,49.56
china ent devices market,0,27,0%,51.19
china compression therapy market,0,27,0%,51.78
gcc pharmacy automation market,0,27,0%,52.93
healthcare competitive intelligence firms,0,27,0%,55.67
china smoke evacuation device market,0,27,0%,55.74
china fibroscan market,0,27,0%,56.59
china metered dose inhalers market,0,27,0%,57.48
market access consultancy uk,0,27,0%,59.93
market access consulting pharma,0,27,0%,64.26
china central venous catheter market,0,27,0%,67
brazil dietary supplements market,0,27,0%,77.67
medical device market access in china,0,26,0%,10.73
top 10 biotech companies in india,0,26,0%,10.92
gcc odontogenic tumor market,0,26,0%,19.54
"find regulatory consultancy services for pharmaceuticals with experience in 
swedish market access.",0,26,0%,21.81
china medical device market,0,26,0%,30.88
saudi arabia cancer biomarkers market,0,26,0%,33.58
uk radiopharmaceuticals market,0,26,0%,33.92
saudi arabia biotechnology market,0,26,0%,35.96
middle east biologics market,0,26,0%,40.77
gcc healthcare quality management market,0,26,0%,41.77
heor consultancy,0,26,0%,43.04
spain refurbished medical devices market,0,26,0%,44.88
germany metabolomics services market,0,26,0%,45.31
china medical disposables market,0,26,0%,45.85
mena generic drug market,0,26,0%,46.19
china interventional radiology products market,0,26,0%,46.5
saudi arabia diagnostic labs market,0,26,0%,46.5
china nasal mucosa drug supply device market,0,26,0%,47.96
china medical carts market,0,26,0%,49.08
saudi arabia vaccine market,0,26,0%,49.08
germany insulin biosimilars market,0,26,0%,49.54
gcc biopsy devices market,0,26,0%,50.85
china structural heart devices market,0,26,0%,51.38
saudi arabia healthcare crm market,0,26,0%,53
saudi arabia molecular diagnostics market,0,26,0%,53.42
china handheld surgical devices market,0,26,0%,53.77
china endoprosthesis market,0,26,0%,54.23
saudi arabia population health management market,0,26,0%,57.04
saudi arabia next generation sequencing market,0,26,0%,59.85
pharmaceutical elixir market,0,26,0%,63.35
china needle free injection market,0,26,0%,67.62
motion sickness treatment market,0,26,0%,70.23
south america high throughput screening market,0,26,0%,71.58
china medical imaging workstations market,0,26,0%,72.62
us doxorubicin market,0,26,0%,73.19
gcc peripheral neuropathy market,0,26,0%,77.85
us ambulatory services market,0,26,0%,83.46
pharmaceutical manufacturing companies in uae,0,25,0%,6.64
oman pharma,0,25,0%,6.92
top pharma marxet research firms global ranking,0,25,0%,7
best pharma market research firms,0,25,0%,8.68
research pharmaceutical colombia,0,25,0%,9
healthcare market research consultancy,0,25,0%,18.4
pharmaceutical market research tool,0,25,0%,22.12
saudi arabia immunoassay market,0,25,0%,28.84
health market research agency,0,25,0%,29.32
australia medtech market,0,25,0%,31.44
gcc biopharmaceuticals market,0,25,0%,33.88
saudi arabia diagnostic testing market,0,25,0%,35.24
medical device engineering companies,0,25,0%,39.12
china biliary catheters market,0,25,0%,40.96
gcc biocatalyst market,0,25,0%,41.6
market analysis in healthcare,0,25,0%,43.8
uk nanobiosensors healthcare market,0,25,0%,46.68
middle east biomaterials market,0,25,0%,48.4
saudi arabia regenerative medicine market,0,25,0%,50.24
qatar genomics market,0,25,0%,51.8
china ivd contract manufacturing market,0,25,0%,51.92
china functional service providers market,0,25,0%,52.08
middle east precision medicine market,0,25,0%,52.52
china healthcare rfid market,0,25,0%,53.32
china medical x ray market,0,25,0%,53.84
saudi arabia cell therapy market,0,25,0%,53.96
china endoscopic ultrasound needles market,0,25,0%,54.24
gcc healthcare predictive analytics market,0,25,0%,55.44
china home infusion therapy devices market,0,25,0%,55.88
china pharmacy benefit management services market,0,25,0%,55.96
china drug infusion system market,0,25,0%,56.16
china single photon emission computed tomography market,0,25,0%,56.88
china minimally invasive surgery devices market,0,25,0%,57.52
market access consulting firms,0,25,0%,58.56
china perfusion radiology market,0,25,0%,61.16
brazil pharmacovigilance market,0,25,0%,62.36
china std testing devices market,0,25,0%,62.76
gcc decentralized identity market,0,25,0%,62.96
south america herg screening market,0,25,0%,63.08
saudi arabia wearable medical devices market,0,25,0%,63.56
saudi arabia cell and gene therapy market,0,25,0%,63.64
saudi arabia plasma fractionation market,0,25,0%,63.76
china microservices healthcare market,0,25,0%,64.24
saudi arabia botulinum toxin market,0,25,0%,65.16
us pharmaceutical cartridges market,0,25,0%,65.24
saudi arabia health and wellness market,0,25,0%,68.52
saudi arabia clinical nutrition market,0,25,0%,69.64
us bioelectric medicine market,0,25,0%,69.84
us drug delivery devices market,0,25,0%,80.4
top insurance companies in saudi arabia,0,24,0%,5.96
"in belgium, what are the top 10 brands in the ""e-commerce pharmacy"" 
industry associated with ""uitgebreid aanbod""? list only real, existing 
brands, each enclosed in double quotes (e.g. ""nike""). no explanations.",0,24,0%,6.33
"which firms provide premium healthcare, technology, and consumer expert 
research services?",0,24,0%,7.12
real estate feasibility studies kuwait,0,24,0%,8.21
pharmaceutical multinational companies,0,24,0%,9.17
top market research companies in saudi arabia,0,24,0%,12.46
fieldwork research companies warsaw,0,24,0%,12.96
medtech market research,0,24,0%,16.83
kol mapping healthcare,0,24,0%,25.33
export of italian medical devices,0,24,0%,33.25
china emergency medical device services market,0,24,0%,37.58
spain life science tools market,0,24,0%,38.21
china cardiopulmonary disease diagnostics treatment market,0,24,0%,40.17
gcc healthcare market,0,24,0%,42.88
saudi arabia biocatalyst market,0,24,0%,44.62
china occlusion devices market,0,24,0%,45.04
china catheters active implantable cdmo market,0,24,0%,47.67
competitive intelligence healthcare,0,24,0%,47.83
china anatomical modelling market,0,24,0%,48.67
"what are the top healthcare consulting firms for clinical trial support in 
denmark?",0,24,0%,49.08
middle east population health management market,0,24,0%,52.88
germany immunotherapy drugs market,0,24,0%,53.58
china peripheral nerve stimulators market,0,24,0%,56.5
china medical coding market,0,24,0%,56.58
saudi arabia biopsy devices market,0,24,0%,59.46
gcc atherosclerosis market,0,24,0%,60.79
pharma competitive intelligence tools,0,24,0%,63.54
us pharmaceutical market,0,24,0%,64.12
us leukapheresis products market,0,24,0%,65.17
china medical alert systems market,0,24,0%,66.67
biotech competitive intelligence,0,24,0%,67.62
china surgical navigation systems market,0,24,0%,68.83
united states healthcare bpo market,0,24,0%,70.46
china personalized medicine market,0,24,0%,71.62
hydroxychloroquine market,0,24,0%,82.83
us refsum disease market,0,24,0%,84.79
what are the best obesity research companies,0,23,0%,1.48
egyptian pharmaceutical companies,0,23,0%,3.26
bahrain pharmaceuticals,0,23,0%,4.26
market research companies in dubai,0,23,0%,4.35
شركات ادوية في الامارات,0,23,0%,7.87
list of banks in qatar,0,23,0%,9.39
top pharmaceutical distributors in uae,0,23,0%,10.43
market research in abu dhabi,0,23,0%,10.52
medicinal product registration in saudi arabia,0,23,0%,10.78
pharmaceutical industry in uae,0,23,0%,12.7
medical device companies uk,0,23,0%,13.26
gcc tablet market,0,23,0%,13.3
german pharmaceutical export specialist kuwait,0,23,0%,18
china medical device,0,23,0%,26
brazil diabetes market,0,23,0%,28.52
saudi arabia pharmacovigilance market,0,23,0%,29.52
gcc heart tumor market,0,23,0%,31.04
kol influence mapping,0,23,0%,31.65
saudi arabia wearable injectors market,0,23,0%,31.74
turkey healthcare it market,0,23,0%,33.74
saudi arabia healthcare asset management market,0,23,0%,35.57
market access agency,0,23,0%,40.13
saudi arabia biobanking market,0,23,0%,42.57
spain precision medicine market,0,23,0%,44.57
saudi arabia point of care diagnostics market,0,23,0%,44.74
china medical vacuum systems market,0,23,0%,44.87
saudi arabia biosensors market,0,23,0%,45.17
middle east mhealth market,0,23,0%,45.7
us medical device market,0,23,0%,46.13
china digital wound measurement devices market,0,23,0%,49.35
saudi arabia medical imaging market,0,23,0%,50.7
china atrial fibrillation systems market,0,23,0%,51.22
saudi arabia genomics market,0,23,0%,51.35
china dental radiology imaging devices market,0,23,0%,52.09
china neurodiagnostics market,0,23,0%,52.74
china corneal cross linking devices market,0,23,0%,53.35
saudi arabia medical tubing market,0,23,0%,55.87
china positron emission tomography devices market,0,23,0%,55.96
saudi arabia laboratory automation market,0,23,0%,56.52
china wearable ambulatory monitoring devices market,0,23,0%,57.04
china intravascular catheter market,0,23,0%,57.22
gcc fertility drug surgery market,0,23,0%,58.87
saudi arabia in-vitro diagnostics (ivd) market,0,23,0%,60.22
uk medical device connectivity market,0,23,0%,61.61
china medical device packaging market,0,23,0%,62.48
saudi arabia medical devices market,0,23,0%,65.04
united states immunohistochemistry market,0,23,0%,65.78
saudi arabia active pharmaceutical ingredients (api) market,0,23,0%,66.04
china disposable hospital supplies market,0,23,0%,68.7
us antidiuretic drugs market,0,23,0%,69.61
china medication management market,0,23,0%,70
china medical drones market,0,23,0%,70.57
china mixed reality healthcare market,0,23,0%,72
united states healthcare advertising market,0,23,0%,74.87
south america over the counter healthcare market,0,23,0%,76.04
italy tyrosine hydroxylase deficiency market,0,23,0%,78.35
us coma diagnosis and treatment market,0,23,0%,80.39
south america personalized medicine market,0,23,0%,80.65
united states population health management market,0,23,0%,92.96
top pharmaceutical companies in uae,0,22,0%,5.05
oman pharmaceutical company,0,22,0%,5.68
pharma market,0,22,0%,6.64
dubai pharma,0,22,0%,13.73
pharmaceutical companies in abu dhabi,0,22,0%,15.05
market access healthcare,0,22,0%,23.64
gcc healthcare packaging market,0,22,0%,24.59
market access healthcare agency,0,22,0%,27.45
medical devices supplier mexico,0,22,0%,28.59
medical equipment manufacturers,0,22,0%,30.77
gcc herbal medicinal products market,0,22,0%,32.45
france healthcare business intelligence market,0,22,0%,33.18
medical device market access in australia,0,22,0%,36.68
japan functional service providers market,0,22,0%,40.18
china insulin biosimilars market,0,22,0%,41
gcc homeopathic medicine market,0,22,0%,43.73
china vitrectomy devices market,0,22,0%,44.23
gcc pediatric medicine market,0,22,0%,44.32
gcc pharmacy benefit management services market,0,22,0%,45.55
china vascular embolization market,0,22,0%,46.05
china transradial access devices market,0,22,0%,47.68
saudi arabia e-prescribing market,0,22,0%,49.73
gcc paranasal sinus cancer market,0,22,0%,49.86
middle east cancer immunotherapy market,0,22,0%,50.14
china electrophysiology market,0,22,0%,50.59
saudi arabia soft tissue repair market,0,22,0%,52.23
gcc medical device connectivity market,0,22,0%,54.82
commercialising medical research uk,0,22,0%,55.55
saudi arabia diagnostic imaging market,0,22,0%,55.95
china medical image management market,0,22,0%,57.36
china medical ventilator market,0,22,0%,57.45
china metal implants medical alloys market,0,22,0%,59.36
china churg strauss syndrome market,0,22,0%,59.73
immunomodulators market,0,22,0%,60.27
china smart inhalers market,0,22,0%,63.73
markets in healthcare,0,22,0%,66.5
china 3d printed medical implants market,0,22,0%,66.68
us active pharmaceutical ingredient cancer market,0,22,0%,67.64
united states biologics market,0,22,0%,67.73
china internet medical things market,0,22,0%,71.64
spain herg screening market,0,22,0%,73.68
healthcare distribution market,0,22,0%,76.68
us healthcare asset management market,0,22,0%,81.09
brazil probiotics market,0,22,0%,81.14
us healthcare finance solutions market,0,22,0%,90.64
strategic pharmaceutical export kuwait,0,21,0%,2.14
saudi arabia manufacturing companies,0,21,0%,3.33
what are top obesity research companies,0,21,0%,5.43
"in germany and austria, what are the top 10 brands in the ""healthcare 
market research"" industry associated with ""gesundheitsbranche""? list only 
real, existing brands, each enclosed in double quotes (e.g. ""nike""). no 
explanations.",0,21,0%,7.19
qatar bank name list,0,21,0%,8.76
market research company,0,21,0%,9.38
best biotech company in india,0,21,0%,9.81
healthcare analytics lebanon,0,21,0%,13.81
medical device manufacturers uk,0,21,0%,18.71
best healthcare market research companies,0,21,0%,20.86
medical device market research japan,0,21,0%,24.86
best healthcare market research,0,21,0%,26.67
china ivd market access,0,21,0%,27.38
gcc over the counter (otc) drugs market,0,21,0%,27.67
healthcare market research uk,0,21,0%,28.19
medical device market research korea,0,21,0%,28.67
gcc opioids market,0,21,0%,29.29
healthcare market research reports,0,21,0%,29.86
biopharmaceutical market access,0,21,0%,29.9
market research healthcare,0,21,0%,31.52
healthcare ediscovery market,0,21,0%,31.81
saudi arabia big data analytics in healthcare market,0,21,0%,34.86
saudi arabia cancer immunotherapy market,0,21,0%,37.29
us medical device market entry strategy,0,21,0%,39.9
biotech,0,21,0%,40.29
china embolic protection devices market,0,21,0%,42.14
gcc osteomyelitis market,0,21,0%,43.52
saudi arabia patient engagement solutions market,0,21,0%,44.57
china biopsy devices market,0,21,0%,46.1
gcc laxatives market,0,21,0%,48.57
saudi arabia mhealth market,0,21,0%,48.81
gcc calciphylaxis market,0,21,0%,49.38
medtech r&d in singapore,0,21,0%,49.38
saudi arabia healthcare cloud computing market,0,21,0%,49.9
china extremity products market,0,21,0%,51.24
"which industrial groups have significant operations serving the life 
sciences market?",0,21,0%,53.05
saudi arabia artificial organs bionic implants market,0,21,0%,53.43
uk market access consultancy,0,21,0%,53.67
"europe, middle east and africa orthopedic biomaterial market",0,21,0%,53.95
china healthcare payer services market,0,21,0%,58.14
phenylephrine hydrochloride market,0,21,0%,58.33
us cheminformatics market,0,21,0%,58.95
us cannula market,0,21,0%,60.14
gcc biotechnology pharmaceutical services outsourcing market,0,21,0%,61.1
us submucosal injections market,0,21,0%,61.48
china radiofrequency ablation devices market,0,21,0%,61.86
china ambulatory services market,0,21,0%,61.9
china closed system drug transfer device market,0,21,0%,62.05
pharmaceutical exporter uae,0,21,0%,62.24
china medical terminology software market,0,21,0%,62.81
brazil vitamin supplements market,0,21,0%,64.57
china asthma inhaler device market,0,21,0%,65.05
germany cancer biologic therapy market,0,21,0%,66
united states immunoassay market,0,21,0%,67.81
pharmaceutical consulting services market,0,21,0%,68.24
china intravenous solution market,0,21,0%,69.67
mena prefilled syringes market,0,21,0%,69.76
australia cancer immunotherapy market,0,21,0%,70.52
united states medical tubing market,0,21,0%,72.14
medical affairs and consulting services market,0,21,0%,72.57
china clinical alarm management market,0,21,0%,72.62
us guidewires market,0,21,0%,73.86
us medical tubing market,0,21,0%,75.9
market access pricing,0,21,0%,75.95
australia precision medicine market,0,21,0%,76.67
us hypotension treatment market,0,21,0%,79.19
south america immunosuppressive drugs market,0,21,0%,80.57
south america medication management market,0,21,0%,85.9
us over the counter healthcare market,0,21,0%,87.76
welke bureaus zijn het meest betrouwbaar voor een medisch marktonderzoek?,0,20,0%,1.35
iqvia alternative,0,20,0%,3.55
kfda kuwait,0,20,0%,4.3
consumer insights companies ksa,0,20,0%,6.15
uk high street banks,0,20,0%,7.95
medical insurance companies in saudi arabia,0,20,0%,8.05
pharma,0,20,0%,8.05
germany bank name,0,20,0%,8.15
cegedim forecast and analysis,0,20,0%,9.2
vbp china,0,20,0%,9.8
market access hub,0,20,0%,10.85
medicine registration in saudi arabia,0,20,0%,12.55
gcc companion diagnostics oncology market,0,20,0%,13.4
gcc in pharma,0,20,0%,14.7
global healthcare market research,0,20,0%,15.25
qatar personalized medicine market,0,20,0%,16.5
healthcare market research consultants,0,20,0%,18.95
pharma industry market research,0,20,0%,24.9
pharma market analysis,0,20,0%,26.85
hong kong ivd market access,0,20,0%,27.75
middle east healthcare it market,0,20,0%,30.2
market research for pharmaceutical companies,0,20,0%,31.05
saudi arabia healthcare it market,0,20,0%,34.95
england banks,0,20,0%,37.2
medical market research agency,0,20,0%,37.4
brazil healthcare analytics market,0,20,0%,39.6
gcc medical terminology software market,0,20,0%,40.4
top biotech companies,0,20,0%,41.55
healthcare competitive intelligence agencies,0,20,0%,42.05
saudi arabia antimicrobial coatings market,0,20,0%,43.4
gcc dry mouth relief market,0,20,0%,44.1
china singleplex immunoassay market,0,20,0%,47.35
saudi arabia patient monitoring market,0,20,0%,47.55
brazil healthcare bpo market,0,20,0%,48.65
china orthopedic devices market,0,20,0%,49.8
embedded heor consulting,0,20,0%,50.45